S.NO,BillNo,Datetime,UHId,Patient Name,age,ItemName,Amount,DiscAmt,RateContract,Authorised By,Schemename,REMARKS,Username,ID,IDType
1,RHCS789480,25/07/2019 18:18:34,RAJH.16060905,FNAME61913  LNAME61913,26 Year(s)/Female,,3205.680,681.140,,Dicount Policy 2,NEW MEDICA SCHEME,,sukanya,,
2,RHCS789481,25/07/2019 18:25:25,RAJH.16060904,FNAME61912  LNAME61912,55 Year(s)/Male,,4800.000,1700.000,,Dicount Policy 2,NEW MEDICA SCHEME,,sukanya,,
3,RHCS789486,26/07/2019 14:42:36,RAJH.17151389,ERW423  234,23 Year(s)/Male,,400.000,30.000,,anshul agarwal,TESTING_SCHEME,,abhishekt3,,
4,RHCS789487,26/07/2019 14:44:43,RAJH.17151389,ERW423  234,23 Year(s)/Male,,320.340,10.000,,anshul agarwal,TESTING_SCHEME,,abhishekt3,,
5,RHCS789489,26/07/2019 14:54:38,RAJH.17151389,ERW423  234,23 Year(s)/Male,,400.000,30.000,,Pawan,TESTING_SCHEME,,Ramesh,,
6,RHCS789502,27/07/2019 12:40:05,RAJH.17151118,POLICY  BAZAR,23 Year(s)/Others,,820.340,820.340,,Dicount Policy 2,,,abhishekt3,333333333333333,Aadhar Card
7,RHCS789510,29/07/2019 12:18:20,RAJH.16060902,FNAME61910  LNAME61910,46 Year(s)/Female,,400.000,80.000,,Dicount Policy 2,NEW MEDICA SCHEME,,sukanya,,
8,RHCS789524,01/08/2019 15:10:18,TEST.1,TEST   PATIENT,47 Year(s)/Male,,200.000,200.000,,anshul,SCHEME NAYA,,Gulab,,
9,RHCS789533,01/08/2019 18:08:22,RAJH.16061744,FNAME62766  LNAME62766,28 Year(s)/Female,,400.000,400.000,,anshul,SCHEME NAYA,,Pawan,,
10,RHCS789583,03/08/2019 15:07:38,RAJH.16062580,Fname63614  Lname63614,43 Year(s)/Male,,12100.000,12100.000,,Management Decisions,100 Percentage,,SANDIPTA,,
11,RHCS789598,05/08/2019 15:38:41,RAJH.17148957,PACKPATIENT  LAST,33 Year(s)/Male,,600.000,600.000,,Dicount Policy 2,,,KRITIKA,,
12,RHCS789599,05/08/2019 15:43:42,RAJH.17148957,PACKPATIENT  LAST,33 Year(s)/Male,,600.000,300.000,,Dicount Policy 2,,,KRITIKA,,
13,RHCR6780,12/08/2019 14:58:56,RAJH.17150456,TESTING  DIAGNOSTICS,30 Year(s)/Male,,450.000,100.000,ANSHUL_RATE_CONTRACT,anshul,Govt Scheme,,anshul,678,PASSPORT NUMBER
14,RHCS789681,13/08/2019 17:50:02,RAJH.16060600,FNAME61607  LNAME61607,53 Year(s)/Female,,600.000,600.000,,Dicount Policy 2,,,Gulab,,
15,RHCS789792,20/08/2019 10:21:21,RAJH.16060904,FNAME61912  LNAME61912,55 Year(s)/Male,,707.040,141.410,,Dicount Policy 2,NEW MEDICA SCHEME,,sukanya,,
16,RHCS789795,20/08/2019 11:17:01,RAJH.16053333,FNAME54210  LNAME54210,50 Year(s)/Female,,600.000,600.000,,Dicount Policy 2,100 Percentage,,sonal,,
17,RHCS789857,30/08/2019 12:24:12,RAJH.17149880,RAMAN  DEEP,36 Year(s)/Male,,6500.000,650.000,,anshul,,,abhishekt3,,
18,RHCS789867,30/08/2019 16:28:04,RAJH.17150909,STUTI  TRIPATHI,41 Year(s)/Female,,500.150,500.150,,Dicount Policy 2,testing for scheme,,Stuti Tripathi,,
19,RHCS789886,31/08/2019 11:56:23,RAJH.17150201,AMIT  CHANDRA,41 Year(s)/Ambiguous,,6500.000,650.000,,Pawan,,,abhishekt3,,
20,RHCS789890,31/08/2019 12:11:04,RAJH.17151111,Sdyfgyu  Dfgseg,23 Year(s)/Male,,2400.000,960.000,,Dicount Policy 2,,,sezal,322222222,Aadhar Card
21,RHCS789891,31/08/2019 12:16:13,RAJH.17151144,ANKIT SINGH RWERWER,43 Year(s)/Male,,800.000,160.000,,Dicount Policy 2,,,sezal,,
22,RHCR6800,31/08/2019 14:59:49,RAJH.17151522,ANISHH  E,32 Year(s)/Male,,1211.000,52.070,Apollo Tyres Staff,Pawan,,,govind,,
23,RHCR6805,02/09/2019 18:43:05,RAJH.17151231,RGEEG  TYUTYU,23 Year(s)/Female,,706.000,282.270,Health India TPA Services Pvt.Ltd,Dicount Policy 2,,,sezal,,
24,RHCS789989,04/09/2019 17:52:43,RAJH.17151569,ABHISHEK  KUMAR,25 Year(s)/Male,,700.000,30.100,,anshul agarwal,,,abhishekt3,,
25,RHCS790101,21/09/2019 12:48:24,RAJH.17150459,RAM  JAIN,19 Year(s)/Male,,500.150,21.510,,Pawan,,,manu,,
26,RHCS790106,21/09/2019 15:08:58,RAJH.17151631,Sonuu  ,23 Year(s)/Male,,400.000,17.200,,Ayush,,,Raghav,,
27,RHCS790118,23/09/2019 10:18:49,RAJH.14000053,Fname53  Lname53,47 Year(s)/Male,,1405.680,140.570,,Owais,,,Gaurav Makkar,,
28,RHCS790120,23/09/2019 10:26:16,RAJH.17151636,Pagal   Regrg,29 Year(s)/Female,,4222.000,1778.000,,Management Decisions,,,shivani,,
29,RHCS790120,23/09/2019 10:26:16,RAJH.17151636,Pagal   Regrg,29 Year(s)/Female,,320.000,320.000,,Management Decisions,,,shivani,,
30,RHCR6841,23/09/2019 12:18:29,RAJH.16060184,Fname61187  Lname61187,62 Year(s)/Male,,5000.000,500.000,Owais Zahid Rate Contract,Ayush,OWAIS ZAHID HEALTH SCHEME,,Ayush Upadhyay 1234567890,,
31,RHCS790169,24/09/2019 15:18:23,RAJH.17151642,FIRST NAME  LAST NAME,28 Year(s)/Male,,8420.000,842.000,,,,,Raghav,,
32,RHCS790181,26/09/2019 14:48:42,RAJH.17149350,TEST  T,23 Year(s)/Male,,400.000,60.000,,Owais,Blind School,,BUNTY,,
33,RHCS790230,04/10/2019 16:17:10,RAJH.16062051,Fname63076  Lname63076,11 Year(s)/Male,,600.000,240.000,new 1 may,Discount Policy 3,,,Paresh,,
34,RHCR6859,10/10/2019 13:11:07,RAJH.16060904,FNAME61912  LNAME61912,55 Year(s)/Male,,1190.700,714.420,ADT RATE CONTRACT,Discount Policy 3,Abhishek_Scheme,,sukanya,,
35,RHCS790260,12/10/2019 17:02:31,RAJH.17151666,C  SHANKAR,48 Year(s)/Male,,200.000,200.000,AVT Staff,Discount Policy 3,,,shailesh,,
36,RHCR6879,17/10/2019 10:30:35,RAJH.16061231,Fname62242  LNAME62242,46 Year(s)/Male,,1000.000,200.000,AVT,sezal,,,sezal,,
37,RHCS790356,19/10/2019 10:58:39,RAJH.17151715,DHRUV  SHARMA,24 Year(s)/Male,,800.220,80.020,,Discount Policy 3,,,Raghav,,
38,RHCR6890,19/10/2019 13:00:57,RAJH.17151715,DHRUV  SHARMA,24 Year(s)/Male,,110.000,66.000,Cognizant Technology Solutions India Private Limited,Ayush,Abhishek_Scheme,,Raghav,,
39,RHCS790373,19/10/2019 16:07:22,RAJH.17150477,VINAY  RANA,30 Year(s)/Male,,550.000,126.500,,Ayush,Prime Minister Scheme,,Paresh,,
40,RHCS790399,23/10/2019 15:10:01,RAJH.17150459,RAM  JAIN,19 Year(s)/Male,,14500.000,2499.946,pj rate,Management Decisions,,,anshul,,
41,RHCS790405,24/10/2019 15:32:46,RAJH.16060901,FNAME61909  LNAME61909,23 Year(s)/Male,,550.000,82.500,,Discount Policy 3,Apollo Tyres Staff Dependent,,sukanya,,
42,RHCS790406,24/10/2019 15:44:37,RAJH.17151748,SUJAY  DHA,23 Year(s)/Male,,550.000,137.500,,gaurav test 1,Blind School,,sujay,,
43,RHCS790407,24/10/2019 15:45:34,RAJH.17151748,SUJAY  DHA,23 Year(s)/Male,,550.000,137.500,,Ayush,Blind School,,Raghav,,
44,RHCS790408,24/10/2019 15:46:24,RAJH.17151748,SUJAY  DHA,23 Year(s)/Male,,500.000,125.000,,Owais,Blind School,,sujay,,
45,RHCS790409,24/10/2019 15:46:43,RAJH.17151748,SUJAY  DHA,23 Year(s)/Male,,500.000,125.000,,Ayush,Blind School,,Raghav,,
46,RHCS790418,25/10/2019 12:34:26,RAJH.17151748,SUJAY  DHA,23 Year(s)/Male,,110.000,16.500,,Ayush,Blind School,,Raghav,,
47,RHCS790455,30/10/2019 11:21:47,RAJH.16060174,Fname61177  Lname61177,37 Year(s)/Male,,1300.000,100.000,,Owais,,,Ayush Upadhyay 1234567890,,
48,RHCR6898,31/10/2019 16:59:27,RAJH.17150543,DELHI  DSGS,33 Year(s)/Male,,550.000,330.000,Apollo Tyres Staff,Ayush,Abhishek_Scheme,,govind,,
49,RHCS790489,04/11/2019 15:55:33,RAJH.17151119,RELIGARE  HEALTH X,23 Year(s)/Female,,750.000,33.000,,management,,,abhishekt3,111111111111111,Aadhar Card
50,RHCS790492,05/11/2019 10:35:10,RAJH.17151119,RELIGARE  HEALTH X,23 Year(s)/Female,,200.000,40.000,,Management Decisions,,,abhishekt3,111111111111111,Aadhar Card
51,RHCS790498,05/11/2019 13:13:52,RAJH.16060196,FNAME61199  LNAME61199,28 Year(s)/Male,,250.500,250.500,,Owais,,,Ayush Upadhyay 1234567890,,
52,RHCS790499,05/11/2019 13:19:47,RAJH.17150289,SHANAY  SHARMA,29 Year(s)/Female,,160.500,160.500,,Owais,,,Ayush Upadhyay 1234567890,,
53,RHCS790506,05/11/2019 15:40:15,RAJH.17149809,TESTING 8080  WQASDZX,81 Year(s)/Male,,1.500,1.000,,testing master,,,Pawan,,
54,RHCS790508,05/11/2019 15:49:38,RAJH.17149809,TESTING 8080  WQASDZX,81 Year(s)/Male,,1.600,1.000,,Pawan,,,Pawan,,
55,RHCS790509,05/11/2019 15:51:39,RAJH.17149809,TESTING 8080  WQASDZX,81 Year(s)/Male,,1.510,1.000,,Pawan,,,Pawan,,
56,RHCS790511,05/11/2019 16:14:09,RAJH.17151674,VINEET  KUMAR,24 Year(s)/Male,,450.500,225.250,,Ayush,6 nov,,sujay,,
57,RHCR6907,05/11/2019 17:51:36,RAJH.17151784,DEEPANSHU  SINGHAL,24 Year(s)/Male,,360.000,36.000,ADT RATE CONTRACT,Management Decisions,,,sujay,,
58,RHCR6908,05/11/2019 17:58:15,RAJH.17151674,VINEET  KUMAR,24 Year(s)/Male,,5090.000,5090.000,ADT RATE CONTRACT,sezal,,,sujay,,
59,RHCS790518,06/11/2019 10:59:20,RAJH.17151790,KAMLESH  AAA,24 Year(s)/Male,,200.000,20.000,,Owais,,,sujay,,
60,RHCS790519,06/11/2019 11:05:54,RAJH.17151675,S  KD,24 Year(s)/Male,,801.360,80.140,NEW DEPENDENT RATE CONTRACT,Owais,,,sujay,,
61,RHCS790551,08/11/2019 10:45:26,RAJH.17151805,SUDHIR KUMAR SHUKLA,26 Year(s)/Male,,700.000,280.000,,Management Decisions,,,Ravi 1st Floor (Front Office User),,
62,RHCS790585,13/11/2019 15:58:13,RAJH.17151837,ANUJ KUMAR AMOLI,29 Year(s)/Male,,750.000,75.000,AVT Staff,Management Decisions,,,Ravi 1st Floor (Front Office User),1,PASSPORT NUMBER
63,RHCS790591,15/11/2019 09:52:58,RAJH.17151782,JKJ  I,56 Year(s)/Male,,305.680,30.570,,Management Decisions,,,Raghav,,
64,RHCR6924,15/11/2019 17:15:15,RAJH.17141414,Fname143969  LNAME143969,2 Year(s)/Female,,2111.000,100.000,ADT RATE CONTRACT,Management Decisions,,,sezal,,
65,RHCR6925,15/11/2019 17:53:57,RAJH.17141714,Fname144275  Lname144275,60 Year(s)/Male,,420.000,33.000,ADT RATE CONTRACT,management,,,sezal,,
66,RHCS790646,18/11/2019 11:44:40,RAJH.17151854,ABHISHEK  KUMAR,10 Year(s)/Male,,1300.000,1300.000,,management,,,Abhishek Kumar,,
67,RHCS790647,18/11/2019 12:00:58,RAJH.17151854,ABHISHEK  KUMAR,10 Year(s)/Male,,1000.000,200.000,,management,,,Abhishek Kumar,,
68,RHCS790655,18/11/2019 12:40:21,RAJH.17151856,SWARNA  PAL,29 Year(s)/Female,,800.000,20.000,,gaurav test 1,,,Ravi 1st Floor (Front Office User),,
69,RHCR6960,22/11/2019 14:14:16,RAJH.17151675,S  KD,24 Year(s)/Male,,700.000,70.000,BPLC OPD,Puneett,,,sujay,,
70,RHCR6966,28/11/2019 11:45:41,RAJH.17151923,GOVIND  KUMAR,24 Year(s)/Male,,6700.000,6700.000,ANSHUL_RATE_CONTRACT,Management Decisions,FULL DISCOUNT SCHEME,,Raghav,,
71,RHCS790762,28/11/2019 17:29:01,RAJH.17151987,CASH 1  WW,44 Year(s)/Male,,220.000,88.000,,Owais,,,Sagar Gohri,,
72,RHCR6972,28/11/2019 17:37:49,RAJH.17151989,CREDIT  1,22 Year(s)/Female,,110.240,4.740,Cognizant Technology Solutions India Private Limited,Management Decisions,,,Sagar Gohri,,
73,RHCR6974,28/11/2019 17:45:11,RAJH.17151989,CREDIT  1,22 Year(s)/Female,,600.000,60.000,ANSHUL_RATE_CONTRACT,Management Decisions,,,Sagar Gohri,,
74,RHCS790797,03/12/2019 16:57:32,RAJH.17149010,SAKET  SINGH,91 Year(s)/Male,,26000.000,10400.000,,Owais,,,vimal,1111111223233,PASSPORT NUMBER
75,RHCS790812,04/12/2019 16:56:23,RAJH.16060253,Fname61256  Lname61256,22 Year(s)/Male,,3242.000,1044.000,V- Guard,Owais,,,vimal,,
76,RHCS790817,04/12/2019 18:08:14,RAJH.16060253,Fname61256  Lname61256,22 Year(s)/Male,,2400.000,240.000,V- Guard,Owais,,,vimal,,
77,RHCS790847,07/12/2019 17:19:51,RAJH.17149598,SHEKHAR  SINGH,30 Year(s)/Male,,500.000,60.000,,anshul agarwal,sandipta,,Ravi 1st Floor (Front Office User),,
78,RHCR6993,09/12/2019 15:42:20,RAJH.16060606,FNAME61613  LNAME61613,72 Year(s)/Male,,6500.000,2600.000,ADT RATE CONTRACT,gaurav test 1,,,Gulab,,
79,RHCR6994,09/12/2019 15:48:57,RAJH.16060606,FNAME61613  LNAME61613,72 Year(s)/Male,,6500.000,1000.000,ADT RATE CONTRACT,gaurav test 1,,,Gulab,,
80,RHCR6995,09/12/2019 16:11:33,RAJH.16070908,FNAME72058  LNAME72058,47 Year(s)/Female,,910.800,20.000,ADT RATE CONTRACT,gaurav test 1,,,sukanya,,
81,RHCR6996,09/12/2019 16:17:51,RAJH.17149352,DF  SDF,23 Year(s)/Male,,420.340,84.070,"Apollo, Staff, Dependent",Owais,,,shivani,,
82,RHCR6997,09/12/2019 16:22:47,RAJH.16060608,FNAME61615  LNAME61615,63 Year(s)/Female,,6500.000,1700.000,ADT RATE CONTRACT,Owais,,,Gulab,,
83,RHCR7008,12/12/2019 12:51:41,RAJH.17151674,VINEET  KUMAR,24 Year(s)/Male,,400.000,80.000,CGHS,sezal,,,sujay,,
84,RHCS790930,14/12/2019 15:45:07,RAJH.16060906,Fname61914  LNAME61914,31 Year(s)/Male,,5400.000,2160.000,,Discount Policy 3,,,sukanya,1,PASSPORT NUMBER
85,RHCR7011,19/12/2019 10:43:23,RAJH.16060907,FNAME61915  LNAME61915,29 Year(s)/Female,,1101.360,440.540,CGHS,anshul,,,sukanya,,
86,RHCR7012,19/12/2019 10:48:20,RAJH.16060907,FNAME61915  LNAME61915,29 Year(s)/Female,,701.360,280.540,CGHS,anshul,,,sukanya,,
87,RHCS790988,27/12/2019 15:10:08,RAJH.16070908,FNAME72058  LNAME72058,47 Year(s)/Female,,8501.360,3400.540,,Discount Policy 3,,,sukanya,,
88,RHCR7021,27/12/2019 20:43:00,RAJH.17151027,KAMAL  KUAMR,30 Year(s)/Male,,1200.000,240.000,"Apollo, Staff, Dependent",anshul agarwal,,,anshul,,
89,RHCS791025,28/12/2019 12:15:59,RAJH.17151010,Gourav  Makkar,19 Year(s)/Male,,1800.000,80.001,,IT ADMIN,,,Ravi 1st Floor (Front Office User),,
90,RHCR7028,28/12/2019 16:24:51,RAJH.17149314,NEHA  SHING,30 Year(s)/Female,,200.000,60.000,ADT RATE CONTRACT,anshul,,,BUNTY,,
91,RHCS791077,30/12/2019 14:19:24,RAJH.17150100,SADF  SS,33 Year(s)/Male,,500.000,100.000,,Pawan,,,BUNTY,,
92,RHCR7034,30/12/2019 14:25:55,RAJH.17150099,SS  DDDD,34 Year(s)/Male,,900.000,180.000,ADT RATE CONTRACT,,,,BUNTY,,
93,RHCR7036,30/12/2019 17:15:55,RAJH.17150100,SADF  SS,33 Year(s)/Male,,700.000,140.000,ADT RATE CONTRACT,Management Decisions,,,Raghav,,
94,RHCS791111,31/12/2019 10:54:17,RAJH.17149002,ABHINAV  JAIN,26 Year(s)/Male,,800.000,75.000,,IT ADMIN,,,Ravi 1st Floor (Front Office User),,
95,RHCR7043,31/12/2019 11:46:43,RAJH.17150100,SADF  SS,33 Year(s)/Male,,400.000,80.000,ADT RATE CONTRACT,anshul,,,BUNTY,,
96,RHCR7044,31/12/2019 12:06:02,RAJH.17150100,SADF  SS,33 Year(s)/Male,,158.000,15.800,CGHS,Management Decisions,,,Raghav,,
97,RHCS791115,31/12/2019 12:14:55,RAJH.17150100,SADF  SS,33 Year(s)/Male,,110.000,11.000,CGHS,Management Decisions,,,Raghav,,
98,RHCR7045,31/12/2019 12:17:48,RAJH.17150100,SADF  SS,33 Year(s)/Male,,500.000,50.000,ADT RATE CONTRACT,Management Decisions,,,Raghav,,
99,RHCS791149,03/01/2020 11:21:19,RAJH.17152067,ABC  22DDD,23 Year(s)/Male,,2810.000,562.000,,Management Decisions,,,govind,,
100,RHCS791149,03/01/2020 11:21:19,RAJH.17152067,ABC  22DDD,23 Year(s)/Male,,1300.000,1300.000,,Management Decisions,,,govind,,
101,RHCS791151,03/01/2020 11:47:26,RAJH.17152070,Karlos  Mamba,31 Year(s)/Female,,2430.000,486.000,,Management Decisions,,,govind,,
102,RHCS791151,03/01/2020 11:47:26,RAJH.17152070,Karlos  Mamba,31 Year(s)/Female,,2000.000,400.000,,Management Decisions,,,govind,,
103,RHCS791352,14/01/2020 12:33:02,RAJH.17150000,TESTING EMERGENCY STATUS DFGTY,30 Year(s)/Male,,500.000,60.000,,anshul,sandipta,,Himanshu Saxena,BRHPM1185W,PAN CARD
104,RHCS791359,14/01/2020 14:20:05,RAJH.14000018,Fname18  Lname18,38 Year(s)/Female,,400.000,56.000,,anshul,Free Sec Service Scheme,,lokesh,,
105,RHCR7117,16/01/2020 16:44:47,RAJH.16052145,Fname52996  Lname52996,70 Year(s)/Male,,796.000,318.400,ANSHUL_RATE_CONTRACT,anshul,,,Sagar Gohri,,
106,RHCR7119,16/01/2020 17:03:35,RAJH.16060184,Fname61187  Lname61187,63 Year(s)/Male,,5000.000,2000.000,Health India TPA Services Pvt.Ltd,Management Decisions,,,Ayush Upadhyay 1234567890,,
107,RHCR7120,16/01/2020 17:42:38,RAJH.16052150,Fname53001  Lname53001,25 Year(s)/Male,,796.000,318.400,ANSHUL_RATE_CONTRACT,anshul,,,Sagar Gohri,,
108,RHCR7121,16/01/2020 17:49:49,RAJH.16052146,Fname52997  Lname52997,38 Year(s)/Male,,298.500,149.250,ANSHUL_RATE_CONTRACT,anshul,Rajagiri Care Card,,Sagar Gohri,,
109,RHCR7122,16/01/2020 18:03:01,RAJH.16052155,Fname53006  Lname53006,4 Year(s)/Female,,796.000,398.000,ANSHUL_RATE_CONTRACT,anshul,Rajagiri Care Card,,Sagar Gohri,,
110,RHCR7129,21/01/2020 10:02:45,RAJH.17150100,SADF  SS,33 Year(s)/Male,,8000.000,1000.000,ADT RATE CONTRACT,management,Opd-offer for the day,,Gulab,,
111,RHCS791453,21/01/2020 10:03:25,RAJH.17151297,ARUN SINGH  VERMA,23 Year(s)/Male,,500.000,500.000,,management,Opd-offer for the day,,Gulab,,
112,RHCS791454,21/01/2020 10:05:09,RAJH.17151297,ARUN SINGH  VERMA,23 Year(s)/Male,,700.000,700.000,,management,Opd-offer for the day,,Gulab,,
113,RHCS791456,21/01/2020 10:15:51,RAJH.17150100,SADF  SS,33 Year(s)/Male,,500.000,500.000,,management,Opd-offer for the day,,Gulab,,
114,RHCS791466,21/01/2020 11:08:04,RAJH.17151756,Test   ADT,23 Year(s)/Male,,700.000,700.000,,management,Opd-offer for the day,,Raghav,,
115,RHCS791467,21/01/2020 11:10:01,RAJH.17151745,GULAB  SIR,24 Year(s)/Male,,590.000,590.000,ADT RATE CONTRACT,management,Opd-offer for the day,,Raghav,,
116,RHCS791469,21/01/2020 11:11:50,RAJH.17151790,KAMLESH  AAA,24 Year(s)/Male,,2000.000,1000.000,,management,Opd-offer for the day,,Raghav,,
117,RHCS791471,21/01/2020 11:14:57,RAJH.17151796,FSDF  DGDSFS,22 Year(s)/Male,,700.000,700.000,,management,Opd-offer for the day,,Raghav,,
118,RHCS791472,21/01/2020 13:01:29,RAJH.17150327,RAJU  CHANDR,29 Year(s)/Male,,6790.000,2716.000,,management,,,Ravi 1st Floor (Front Office User),,
119,RHCR7136,21/01/2020 13:17:00,RAJH.16057845,FNAME58812  LNAME58812,45 Year(s)/Male,,1592.000,318.400,ANSHUL_RATE_CONTRACT,sezal,,,sezal,,
120,RHCS791475,21/01/2020 14:28:38,RAJH.17150100,SADF  SS,33 Year(s)/Male,,1500.000,1000.010,ADT RATE CONTRACT,management,Opd-offer for the day,,shivani,,
121,RHCS791476,21/01/2020 14:29:28,RAJH.17150100,SADF  SS,33 Year(s)/Male,,601.360,601.360,,management,Opd-offer for the day,,shivani,,
122,RHCS791477,21/01/2020 14:30:45,RAJH.17150100,SADF  SS,33 Year(s)/Male,,400.000,400.000,,management,Opd-offer for the day,,shivani,,
123,RHCS791478,21/01/2020 14:31:03,RAJH.17150718,RAM  LAL,32 Year(s)/Male,,1700.000,340.000,,sezal,,,Ravi 1st Floor (Front Office User),,
124,RHCS791479,21/01/2020 14:38:44,RAJH.17150100,SADF  SS,33 Year(s)/Male,,1000.000,1000.000,,management,Opd-offer for the day,,shivani,,
125,RHCS791489,21/01/2020 17:06:39,RAJH.17151790,KAMLESH  AAA,24 Year(s)/Male,,8000.000,1000.000,,management,Opd-offer for the day,,Gulab,,
126,RHCR7144,22/01/2020 13:03:42,RAJH.16054213,Fname55111  Lname55111,45 Year(s)/Male,,298.000,59.700,ANSHUL_RATE_CONTRACT,sezal,,,PUNEET UTREJA,,
127,RHCS791496,22/01/2020 16:42:16,RAJH.17151782,JKJ  I,57 Year(s)/Male,,200.000,50.000,ADT RATE CONTRACT,Owais,,,Raghav,,
128,RHCR7146,22/01/2020 18:17:48,RAJH.17149314,NEHA  SHING,30 Year(s)/Female,,298.500,119.400,ANSHUL_RATE_CONTRACT,sezal,,,Sagar Gohri,,
129,RHCR7147,22/01/2020 18:20:48,RAJH.17149315,QWEQWE  QWEEQWE,25 Year(s)/Female,,796.000,318.400,ANSHUL_RATE_CONTRACT,sezal,,,Sagar Gohri,,
130,RHCR7148,22/01/2020 18:21:51,RAJH.16060182,KANISHKA  LNAME61185,29 Year(s)/Female,,600.000,240.000,ADT RATE CONTRACT,Owais,,,Ayush Upadhyay 1234567890,sfsfsaw3234324,PASSPORT NUMBER
131,RHCS791512,25/01/2020 10:18:56,RAJH.17152206,Sdsd  Chaudhary,36 Year(s)/Female,,800.000,320.000,,sezal,,,Rajat,,
132,RHCS791513,25/01/2020 10:19:03,RAJH.17152206,Sdsd  Chaudhary,36 Year(s)/Female,,800.000,320.000,,sezal,,,Rajat,,
133,RHCS791514,25/01/2020 10:25:36,RAJH.17152206,Sdsd  Chaudhary,36 Year(s)/Female,,800.000,320.000,,sezal,,,Rajat,,
134,RHCS791515,25/01/2020 10:29:55,RAJH.17152206,Sdsd  Chaudhary,36 Year(s)/Female,,800.000,320.000,,sezal,,,Rajat,,
135,RHCS791516,25/01/2020 10:35:31,RAJH.17152207,Roly Kumari Sharma,36 Year(s)/Female,,800.000,320.000,,anshul,,,Rajat,,
136,RHCS791529,25/01/2020 14:19:18,RAJH.17151664,HARSH  ADDAN,17 Year(s)/Male,,1700.000,340.000,,sezal,,,Ravi 1st Floor (Front Office User),,
137,RHCS791530,27/01/2020 10:31:24,RAJH.17151672,FVDSXCFCD EWDCZX SDASDQ,3 Month(s)/Male,,700.000,70.000,,sezal,,,Ayush Upadhyay 1234567890,,
138,RHCS791531,27/01/2020 10:48:39,RAJH.17151478,SUKHMANVIR   DSFVB N,19 Year(s)/Female,,5200.000,2080.000,,Owais,,,Ayush Upadhyay 1234567890,INDIAN,
139,RHCS791532,27/01/2020 11:01:58,RAJH.17151458,WFSAZCX  WESZCX,31 Year(s)/Male,,6500.000,2600.000,,Owais,,,Ayush Upadhyay 1234567890,,
140,RHCS791532,27/01/2020 11:01:58,RAJH.17151458,WFSAZCX  WESZCX,31 Year(s)/Male,,6500.000,6500.000,,Owais,,,Ayush Upadhyay 1234567890,,
141,RHCS791537,28/01/2020 10:05:05,RAJH.17152170,REEMA  SAHU,66 Year(s)/Female,,2181.360,872.540,,Pawan,,,Ravi 1st Floor (Front Office User),,
142,RHCS791538,28/01/2020 10:09:52,RAJH.17152156,Dfxcgv Sdx  KUMAR,34 Year(s)/Female,,13605.900,6802.950,,Management Decisions,,,Ravi 1st Floor (Front Office User),,
143,RHCS791539,28/01/2020 10:12:11,RAJH.16060182,KANISHKA  LNAME61185,29 Year(s)/Female,,19500.000,19500.000,ADT RATE CONTRACT,Owais,,,Ayush Upadhyay 1234567890,sfsfsaw3234324,PASSPORT NUMBER
144,RHCS791540,28/01/2020 10:12:11,RAJH.17151672,FVDSXCFCD EWDCZX SDASDQ,3 Month(s)/Male,,1800.000,1800.000,,Owais,,,sujay,,
145,RHCS791593,04/02/2020 17:34:54,RAJH.16051121,Fname51931  Lname51931,12 Year(s)/Female,,1020.000,102.000,,Discount Policy 3,,,Deepak,,
146,RHCS791597,05/02/2020 11:55:50,RAJH.17150030,ABHISHEK  PANDEY,27 Year(s)/Male,,3205.000,100.000,,Management Decisions,,,Ravi 1st Floor (Front Office User),,
147,RHCS791598,05/02/2020 12:10:22,RAJH.16052382,ANURADHA  KUMAR,21 Year(s)/Female,,1630.000,330.000,,Management Decisions,,,Ravi 1st Floor (Front Office User),,
148,RHCS791603,05/02/2020 18:23:15,AKSH.44,EFWFW  FEWFW,20 Year(s)/Male,,322.000,322.000,,anshul,Opd-offer for the day,,pooja,,
149,RHCS791605,06/02/2020 10:27:42,AKSH.44,EFWFW  FEWFW,20 Year(s)/Male,,200.000,200.000,,anshul,Opd-offer for the day,,pooja,,
150,RHCS791628,11/02/2020 13:12:10,RAJH.17150486,RAMAN A A,33 Year(s)/Male,,112.710,11.270,,new,Rajagiri,,indranil,,
151,RHCS791629,11/02/2020 13:14:09,RAJH.17150486,RAMAN A A,33 Year(s)/Male,,77.890,15.580,,new,SKD,,indranil,,
152,RHCS791630,11/02/2020 14:02:18,RAJH.17150486,RAMAN A A,33 Year(s)/Male,,85.750,17.150,,new,SKD,,indranil,,
153,RHCS791631,11/02/2020 14:06:07,RAJH.17150486,RAMAN A A,33 Year(s)/Male,,1084.340,216.870,,new,SKD,,indranil,,
154,RHCS791632,11/02/2020 14:11:29,RAJH.17150486,RAMAN A A,33 Year(s)/Male,,333.330,66.670,,new,SKD,,indranil,,
155,RHCS791639,11/02/2020 14:52:42,RAJH.17150486,RAMAN A A,33 Year(s)/Male,,444.500,88.900,,new,SKD,,indranil,,
156,RHCS791653,11/02/2020 17:03:31,RAJH.17151407,FRFRFR  ERFEFE,39 Year(s)/Female,,400.000,40.000,,Management Decisions,,,Ravi 1st Floor (Front Office User),,
157,RHCS791662,12/02/2020 12:25:07,RAJH.17152262,Shabbe  Fatimah,16 Day(s)/Female,,1499.000,1.968,,IT ADMIN,,,Suboor,,
158,RHCS791662,12/02/2020 12:25:07,RAJH.17152262,Shabbe  Fatimah,16 Day(s)/Female,,800.000,160.000,,IT ADMIN,,,Suboor,,
159,RHCS791790,28/02/2020 18:19:34,RAJH.16056666,Fname57618  Lname57618,50 Year(s)/Male,,315.000,31.500,,Management Decisions,,,manu,,
160,RHCS791792,28/02/2020 18:58:53,RAJH.16054327,Fname55227  Lname55227,50 Year(s)/Female,,315.000,126.000,,Management Decisions,,,manu,,
161,RHCS791804,29/02/2020 11:53:16,RAJH.14000005,AYUSH  UPADHYAY,21 Year(s)/Male,,1000.000,200.000,,anshul,BPCL Staff Scheme,,Ankit Singh,,
162,RHCS791843,29/02/2020 18:16:54,RAJH.14000099,FNAME99  LNAME99,84 Year(s)/Female,,109.900,10.000,,Management Decisions,,,Ankit Singh,,
163,RHCS791846,29/02/2020 18:18:12,RAJH.16062525,Fname63554  Lname63554,72 Year(s)/Female,,771.000,199.999,,Management Decisions,,,sezal,,
164,RHCS791850,29/02/2020 18:35:08,RAJH.14000099,FNAME99  LNAME99,84 Year(s)/Female,,111.000,20.000,,Management Decisions,BPCL Staff Scheme,,Ankit Singh,,
165,RHCS791873,02/03/2020 12:07:37,RAJH.17150921,RAMU  GOPAL,34 Year(s)/Male,,85062.730,1000.190,,good policy,Opd-offer for the day,,indranil,,
166,RHCS791879,02/03/2020 14:09:53,RAJH.17149240,RAM  PRASAD,28 Year(s)/Male,,85062.730,1000.190,,good policy,Opd-offer for the day,,indranil,,
167,FB1,02/03/2020 17:49:59,RAJH.16060905,FNAME61913  LNAME61913,27 Year(s)/Female,,660.000,600.000,,Management Decisions,CMI -SH,,sukanya,,
168,FB2,02/03/2020 18:03:11,RAJH.16060904,FNAME61912  LNAME61912,55 Year(s)/Male,,950.400,880.000,Apollo Tyres Staff,Management Decisions,CMI-SH (Relatives),,sukanya,,
169,FB3,03/03/2020 10:19:08,RAJH.16060907,FNAME61915  LNAME61915,29 Year(s)/Female,,660.000,600.000,,Management Decisions,CMI -SH,,sukanya,,
170,RHCS791906,03/03/2020 10:45:50,RAJH.17151153,ANIL  VERMA,34 Year(s)/Male,,2.500,2.500,,Pawan,Pawan testing scheme,,Ravi 1st Floor (Front Office User),,
171,RHCS791908,03/03/2020 11:22:07,RAJH.16056477,Fname57429  Lname57429,40 Year(s)/Male,,91411.000,33191.009,,Discount Policy 3,,,Deepak,,
172,FB4,03/03/2020 11:50:35,RAJH.16060115,Fname61118  Lname61118,30 Year(s)/Male,,84962.730,76543.000,,Management Decisions,CMI -SH,,Ramesh,,
173,RHCR7196,03/03/2020 15:57:52,RAJH.17150909,STUTI  TRIPATHI,41 Year(s)/Female,,1100.000,330.000,BPLC OPD,anshul,ISIC Discount,,Stuti Tripathi,,
174,RHCR7197,03/03/2020 16:04:41,RAJH.17150909,STUTI  TRIPATHI,41 Year(s)/Female,,1100.000,330.000,BPLC OPD,anshul,ISIC Discount,,Stuti Tripathi,,
175,FB5,03/03/2020 17:26:04,RAJH.16060903,FNAME61911  LNAME61911,45 Year(s)/Male,,660.000,600.000,,Management Decisions,CMI -SH,,sukanya,,
176,FB6,03/03/2020 18:55:06,RAJH.16060915,Fname61923  Lname61923,57 Year(s)/Female,,660.000,600.000,,Management Decisions,CMI -SH,,sukanya,,
177,RHCR7201,04/03/2020 10:31:22,RAJH.17150909,STUTI  TRIPATHI,41 Year(s)/Female,,310.800,62.160,CGHS,anshul,ISIC Discount,,Stuti Tripathi,,
178,RHCR7202,04/03/2020 10:41:55,RAJH.17150909,STUTI  TRIPATHI,41 Year(s)/Female,,1040.800,314.160,CGHS,anshul,ISIC Discount,,Stuti Tripathi,,
179,RHCR7203,04/03/2020 11:54:54,RAJH.17152234,TESTING UNSETTLED  REPORT,21 Year(s)/Male,,10862.000,1978.801,Apollo Tyres Staff,Discount Policy 3,Auto,,Deepak,,
180,RHCR7204,04/03/2020 12:12:29,RAJH.17151887,BABY OF STUTI  T,3 Month(s)/Male,,754.800,182.160,CGHS,anshul,ISIC Discount,,Stuti Tripathi,,
181,RHCR7205,04/03/2020 12:30:51,RAJH.17150909,STUTI  TRIPATHI,41 Year(s)/Female,,360.800,67.160,CGHS,Discount Policy 3,ISIC Discount,,Stuti Tripathi,,
182,RHCR7206,04/03/2020 12:59:55,RAJH.17151233,DEVI  SINGH,24 Year(s)/Male,,13080.000,2022.995,Apollo Tyres Staff,Discount Policy 3,Auto,,Deepak,,
183,RHCS791936,04/03/2020 13:10:02,RAJH.16052426,Fname53283  Lname53283,68 Year(s)/Female,,509.600,300.000,,Management Decisions,Abhishek_Scheme,,sezal,,
184,RHCS791940,04/03/2020 13:46:16,RAJH.16056744,Fname57697  Lname57697,42 Year(s)/Female,,8580.000,3402.996,,Discount Policy 3,,,Deepak,,
185,RHCR7209,04/03/2020 17:33:14,RAJH.16056788,Fname57741  Lname57741,59 Year(s)/Female,,6404.000,986.004,Rajagiri Care Card,Discount Policy 3,Auto,,Deepak,,
186,RHCR7210,04/03/2020 17:36:01,RAJH.16056744,Fname57697  Lname57697,42 Year(s)/Female,,1334.000,238.000,Apollo Tyres Staff,Discount Policy 3,Auto,,Deepak,,
187,RHCR7211,04/03/2020 18:45:10,RAJH.17151887,BABY OF STUTI  T,3 Month(s)/Male,,710.800,182.160,CGHS,anshul,ISIC Discount,,Stuti Tripathi,,
188,RHCS791956,04/03/2020 18:51:31,RAJH.16051213,Fname52025  Lname52025,28 Year(s)/Male,,943.200,540.000,,Management Decisions,Abhishek_Scheme,,sezal,,
189,RHCS791959,04/03/2020 19:10:34,RAJH.16052929,Fname53793  Lname53793,36 Year(s)/Male,,77.770,46.660,,sezal,Abhishek_Scheme,,sezal,,
190,RHCS791961,05/03/2020 09:47:06,RAJH.16054646,Fname55556  LNAME55556,53 Year(s)/Female,,109.600,20.000,,Management Decisions,,,sezal,,
191,RHCS791963,05/03/2020 09:55:22,RAJH.16054242,DECEASED  LNAME55140,54 Year(s)/Male,,209.600,120.000,,Management Decisions,Abhishek_Scheme,,sezal,,
192,RHCR7213,05/03/2020 09:59:36,RAJH.16054842,Fname55755  Lname55755,60 Year(s)/Female,,400.000,400.000,ANSHUL_RATE_CONTRACT,Management Decisions,CMI-SH (Relatives),,sezal,,
193,RHCS791966,05/03/2020 10:43:57,RAJH.16051214,Fname52026  Lname52026,9 Year(s)/Female,,112.000,40.000,,Management Decisions,,,sezal,,
194,RHCS791970,05/03/2020 16:27:35,RAJH.17149015,ANKIT  SHARMA,46 Year(s)/Male,,600.000,90.000,Apollo Tyres Staff,Discount Policy 3,Auto,,shivani,,
195,RHCR7221,06/03/2020 10:15:20,RAJH.16051234,FNAME52047  KUMAR,24 Year(s)/Male,,1485.442,700.680,ANSHUL_RATE_CONTRACT,Management Decisions,Rajagiri Care Card,,sezal,,
196,RHCS791981,06/03/2020 10:30:58,RAJH.16051233,Fname52046  LNAME52046,81 Year(s)/Male,,321.600,120.000,,Management Decisions,,,sezal,,
197,RHCS791982,06/03/2020 10:37:21,RAJH.16054242,DECEASED  LNAME55140,54 Year(s)/Male,,212.000,100.000,,,OWAIS ZAHID HEALTH SCHEME,,sezal,,
198,RHCR7226,06/03/2020 11:09:15,RAJH.16062323,FNAME63348  LNAME63348,48 Year(s)/Female,,428.800,160.000,ANSHUL_RATE_CONTRACT,Management Decisions,,,sezal,,
199,RHCR7227,06/03/2020 11:13:09,RAJH.16068383,Fname69499  Lname69499,44 Year(s)/Male,,848.000,400.000,ANSHUL_RATE_CONTRACT,Management Decisions,Rajagiri Care Card,,sezal,,
200,RHCS791989,06/03/2020 11:27:27,RAJH.16061235,Fname62246  Lname62246,55 Year(s)/Female,,560.000,50.000,,Management Decisions,,,sezal,,
201,RHCS791991,06/03/2020 11:34:04,RAJH.16068684,Fname69802  Lname69802,34 Year(s)/Female,,872.000,138.000,,Discount Policy 3,Auto,,sezal,,
202,RHCR7230,06/03/2020 11:45:06,RAJH.16063737,Fname64795  Lname64795,26 Year(s)/Female,,1121.000,206.000,ANSHUL_RATE_CONTRACT,Discount Policy 3,Auto,,sezal,,
203,RHCR7231,06/03/2020 11:47:48,RAJH.16065351,Fname66435  Lname66435,72 Year(s)/Male,,448.000,160.000,ANSHUL_RATE_CONTRACT,,,,sezal,,
204,RHCS792023,09/03/2020 15:40:34,RAJH.17144998,Fname147653  Lname147653,65 Year(s)/Male,,2100.000,840.000,,new2,,,Rai Singh,,
205,RHCS792044,11/03/2020 00:12:17,RAJH.17151672,FVDSXCFCD EWDCZX  SDASDQ,5 Month(s)/Male,,10720.000,4000.000,,Owais,,,sujay,,
206,RHCS792045,11/03/2020 00:14:24,RAJH.17151672,FVDSXCFCD EWDCZX  SDASDQ,5 Month(s)/Male,,10720.000,4000.000,,Owais,,,sujay,,
207,RHCS792063,11/03/2020 15:06:26,RAJH.17149269,RRRRR  SSS,34 Year(s)/Male,,400.000,400.000,,Management Decisions,,,indranil,,
208,RHCS792066,11/03/2020 17:58:18,RAJH.16058888,FNAME59871  LNAME59871,49 Year(s)/Male,,416.000,20.000,,Management Decisions,,,manu,,
209,RHCS792067,11/03/2020 18:25:34,RAJH.16052222,Fname53076  Lname53076,74 Year(s)/Male,,416.000,20.000,International Patient Scheme,Management Decisions,,,manu,,
210,RHCS792068,11/03/2020 18:45:33,RAJH.16052387,FNAME53243  LNAME53243,20 Year(s)/Male,,344.000,80.000,,Management Decisions,,,manu,,
211,RHCR7245,12/03/2020 18:51:41,RAJH.17151672,FVDSXCFCD EWDCZX  SDASDQ,5 Month(s)/Male,,7568.000,1760.000,ANSHUL_RATE_CONTRACT,,,,BUNTY,,
212,RHCS792089,13/03/2020 12:59:52,RAJH.17149784,DEMOGRAPHICS  SHARM A,35 Year(s)/Male,,2500.000,1000.000,,new,,,indranil,,
213,RHCR7250,13/03/2020 12:59:57,RAJH.14000600,SUNIL KUMAR RAI,33 Year(s)/Male,,100.000,15.000,Apollo Tyres Staff,Discount Policy 3,Auto,,SIDDHARH rATHORE,,
214,RHCR7251,13/03/2020 19:11:05,RAJH.16056788,Fname57741  Lname57741,59 Year(s)/Female,,100.000,11.000,Apollo Tyres Staff,Discount Policy 3,Auto,,Deepak,,
215,RHCR7252,15/03/2020 09:42:22,RAJH.17140055,Fname142538  Lname142538,78 Year(s)/Male,,10216.250,10216.250,Apollo Tyres Staff,Management Decisions,CMI-SH (Relatives),,anil,,
216,RHCR7253,15/03/2020 09:59:37,RAJH.17140055,Fname142538  Lname142538,78 Year(s)/Male,,10100.000,10100.000,Apollo Tyres Staff,Management Decisions,CMI-SH (Relatives),,anil,,
217,RHCS792108,16/03/2020 10:51:30,RAJH.17140055,Fname142538  Lname142538,78 Year(s)/Male,,310.800,34.190,Apollo Tyres Staff,Discount Policy 3,Auto,,anil,,
218,RHCS792111,16/03/2020 14:41:54,RAJH.17140055,Fname142538  Lname142538,78 Year(s)/Male,,310.800,34.190,Apollo Tyres Staff,Discount Policy 3,Auto,,sujay,,
219,RHCS792118,17/03/2020 14:32:34,RAJH.17152483,NEW  NNNNN,22 Year(s)/Female,,1000.000,1000.000,,new,Opd-offer for the day,,indranil,,
220,RHCS792119,17/03/2020 14:33:41,RAJH.17152483,NEW  NNNNN,22 Year(s)/Female,,1000.000,1000.000,,anshul,Opd-offer for the day,,indranil,,
221,RHCS792120,17/03/2020 14:36:45,RAJH.17152483,NEW  NNNNN,22 Year(s)/Female,,500.000,50.000,,anshul,Akesis Pharma Scheme,,indranil,,
222,RHCR7255,17/03/2020 17:45:32,RAJH.17150087,BABY OF SOMALI  SDFDF,1 Year(s)/Female,,111.387,10.570,ANSHUL_RATE_CONTRACT,Management Decisions,answer,,anshul,,
223,RHCS792126,17/03/2020 18:00:18,RAJH.16060900,Fname61908  Lname61908,39 Year(s)/Male,,500.000,500.000,,sezal,,,PUNEET UTREJA,,
224,RHCR7256,17/03/2020 18:02:19,RAJH.17150456,TESTING  DIAGNOSTICS,31 Year(s)/Male,,1500.000,150.000,ANSHUL_RATE_CONTRACT,anshul,answer,,anshul,678,PASSPORT NUMBER
225,RHCR7257,17/03/2020 18:54:26,RAJH.17151672,FVDSXCFCD EWDCZX  SDASDQ,5 Month(s)/Male,,1000.000,1000.000,Max Bupa,,,,sujay,,
226,RHCR7258,17/03/2020 18:56:27,RAJH.17151672,FVDSXCFCD EWDCZX  SDASDQ,5 Month(s)/Male,,378.400,88.000,ANSHUL_RATE_CONTRACT,anshul,,,sujay,,
227,RHCR7260,17/03/2020 22:29:43,RAJH.17151672,FVDSXCFCD EWDCZX  SDASDQ,5 Month(s)/Male,,1000.000,200.000,AVT,sezal,sujaydhanuk1,,sujay,,
228,RHCR7261,17/03/2020 22:38:50,RAJH.17151672,FVDSXCFCD EWDCZX  SDASDQ,5 Month(s)/Male,,1000.000,200.000,AVT,sezal,sujaydhanuk1,,sujay,,
229,RHCR7263,18/03/2020 10:12:08,RAJH.16052387,FNAME53243  LNAME53243,20 Year(s)/Male,,500.000,50.000,AVT,Management Decisions,sujaydhanuk1,,sujay,,
230,RHCS792127,18/03/2020 10:21:53,RAJH.16060903,FNAME61911  LNAME61911,45 Year(s)/Male,,518.000,200.000,,Management Decisions,,,sukanya,,
231,RHCR7264,18/03/2020 10:24:12,RAJH.16060902,FNAME61910  LNAME61910,47 Year(s)/Female,,414.400,160.000,ANSHUL_RATE_CONTRACT,Management Decisions,,,sukanya,,
232,RHCR7265,18/03/2020 10:26:20,RAJH.16060907,FNAME61915  LNAME61915,29 Year(s)/Female,,800.000,800.000,ANSHUL_RATE_CONTRACT,Management Decisions,,,sukanya,,
233,RHCR7266,18/03/2020 10:28:45,RAJH.16060907,FNAME61915  LNAME61915,29 Year(s)/Female,,400.000,160.000,ANSHUL_RATE_CONTRACT,Management Decisions,,,sukanya,,
234,RHCR7267,18/03/2020 10:31:41,RAJH.16060908,FNAME61916  LNAME61916,29 Year(s)/Male,,814.400,320.000,ANSHUL_RATE_CONTRACT,Management Decisions,,,sukanya,,
235,RHCR7268,18/03/2020 10:37:00,RAJH.16060903,FNAME61911  LNAME61911,45 Year(s)/Male,,1500.000,150.000,ANSHUL_RATE_CONTRACT,Management Decisions,answer,,sukanya,,
236,RHCR7269,18/03/2020 10:58:07,RAJH.16060170,Fname61173  Lname61173,26 Year(s)/Female,,1500.000,150.000,ANSHUL_RATE_CONTRACT,Management Decisions,answer,,Ramesh,,
237,RHCR7270,18/03/2020 11:16:24,RAJH.16060904,FNAME61912  LNAME61912,55 Year(s)/Male,,1500.000,150.000,ANSHUL_RATE_CONTRACT,Management Decisions,answer,,sukanya,,
238,RHCS792129,18/03/2020 11:18:28,RAJH.16060903,FNAME61911  LNAME61911,45 Year(s)/Male,,1500.000,600.000,ANSHUL_RATE_CONTRACT,Management Decisions,,,sukanya,,
239,RHCS792130,18/03/2020 11:31:47,RAJH.17151907,SHOMESH  TT,89 Year(s)/Male,,310.800,34.190,Apollo Tyres Staff,Discount Policy 3,Auto,,shailesh,,
240,RHCR7271,18/03/2020 11:34:18,RAJH.16060170,Fname61173  Lname61173,26 Year(s)/Female,,1500.000,150.000,ANSHUL_RATE_CONTRACT,anshul,answer,,Ramesh,,
241,RHCS792132,18/03/2020 11:54:29,RAJH.16060903,FNAME61911  LNAME61911,45 Year(s)/Male,,1500.000,600.000,ANSHUL_RATE_CONTRACT,Management Decisions,,,sukanya,,
242,RHCR7274,18/03/2020 12:05:02,RAJH.16060904,FNAME61912  LNAME61912,55 Year(s)/Male,,1500.000,150.000,ANSHUL_RATE_CONTRACT,Management Decisions,answer,,Ramesh,,
243,RHCR7275,18/03/2020 12:06:51,RAJH.16060905,FNAME61913  LNAME61913,27 Year(s)/Female,,1500.000,150.000,ANSHUL_RATE_CONTRACT,Management Decisions,answer,,Ramesh,,
244,RHCR7276,18/03/2020 12:09:04,RAJH.16060908,FNAME61916  LNAME61916,29 Year(s)/Male,,1900.000,1900.000,ANSHUL_RATE_CONTRACT,,,,Ramesh,,
245,RHCR7277,18/03/2020 12:11:57,RAJH.16060902,FNAME61910  LNAME61910,47 Year(s)/Female,,1900.000,760.000,ANSHUL_RATE_CONTRACT,Management Decisions,,,Ramesh,,
246,RHCR7278,18/03/2020 12:16:30,RAJH.16060902,FNAME61910  LNAME61910,47 Year(s)/Female,,1500.000,600.000,ANSHUL_RATE_CONTRACT,Lokesh Kashyap,,,Ramesh,,
247,RHCR7278,18/03/2020 12:16:30,RAJH.16060902,FNAME61910  LNAME61910,47 Year(s)/Female,,400.000,40.000,ANSHUL_RATE_CONTRACT,Lokesh Kashyap,,,Ramesh,,
248,RHCR7279,18/03/2020 12:53:27,RAJH.16060176,Fname61179  Lname61179,54 Year(s)/Male,,1500.000,150.000,ANSHUL_RATE_CONTRACT,anshul,answer,,Ramesh,,
249,RHCS792133,18/03/2020 13:17:48,RAJH.17149247,DANISH  KHAN,34 Year(s)/Male,,20000.000,1000.000,,IT ADMIN,Opd-offer for the day,,indranil,,
250,RHCR7280,18/03/2020 14:24:37,RAJH.17152494,TEST PATIENT  ,34 Year(s)/Male,,1900.000,1900.000,ANSHUL_RATE_CONTRACT,Management Decisions,,,sukanya,,
251,RHCS792137,18/03/2020 14:32:04,RAJH.17152494,TEST PATIENT  2342345235,34 Year(s)/Male,,6874.860,6874.860,,Management Decisions,CMI-SH (Relatives),,sukanya,,
252,RHCS792139,18/03/2020 15:32:58,RAJH.17152496,RATNESH KUMAR SHUKLA,30 Year(s)/Male,,14153.000,1295.003,,anshul,Akesis Pharma Scheme,test-Ratnesh,Ratnesh,,
253,RHCS792141,18/03/2020 16:21:35,RAJH.17152497,TESTNAME  aszdsa,35 Year(s)/Male,,1900.000,760.000,,anshul,,,Ratnesh,,
254,RHCR7282,18/03/2020 16:41:03,RAJH.16060904,FNAME61912  LNAME61912,55 Year(s)/Male,,400.000,40.000,ANSHUL_RATE_CONTRACT,Management Decisions,answer,,sukanya,,
255,RHCR7283,18/03/2020 16:43:04,RAJH.16060908,FNAME61916  LNAME61916,29 Year(s)/Male,,1001.360,400.544,ANSHUL_RATE_CONTRACT,Management Decisions,,,sukanya,,
256,RHCS792144,18/03/2020 16:46:10,RAJH.16060905,FNAME61913  LNAME61913,27 Year(s)/Female,,100.000,40.000,,Management Decisions,,,sukanya,,
257,RHCR7284,18/03/2020 16:47:36,RAJH.16060902,FNAME61910  LNAME61910,47 Year(s)/Female,,400.000,160.000,ANSHUL_RATE_CONTRACT,Management Decisions,,,sukanya,,
258,RHCS792145,18/03/2020 17:34:11,RAJH.14000175,Fname175  Lname175,17 Year(s)/Female,,600.000,600.000,,anshul,Opd-offer for the day,,Abhishek,,
259,RHCS792146,18/03/2020 17:36:07,RAJH.14000175,Fname175  Lname175,17 Year(s)/Female,,600.000,600.000,,anshul,Opd-offer for the day,,Abhishek,,
260,RHCS792177,20/03/2020 18:54:35,RAJH.17149261,UNADJUSTED    .DEPOSIT,36 Year(s)/Male,,384.500,57.680,Apollo Tyres Staff,Discount Policy 3,Auto,,shailesh,,
261,RHCS792181,23/03/2020 12:23:09,RAJH.17152534,RATNESH  VERMA,31 Year(s)/Male,,866.000,173.000,,Discount Policy 3,,,Deepak,234324234234234,PAN CARD
262,RHCR7288,23/03/2020 13:26:06,RAJH.17152534,RATNESH  VERMA,31 Year(s)/Male,,10212.300,1581.010,Apollo Tyres Staff,Discount Policy 3,Auto,,Deepak,234324234234234,PAN CARD
263,RHCR7289,23/03/2020 13:27:20,RAJH.17152533,CHANDARBHAN SINGH SHARMA,34 Year(s)/Male,,10212.300,1581.010,Apollo Tyres Staff,Discount Policy 3,Auto,,Deepak,4242342342342342,PASSPORT NUMBER
264,RHCR7292,23/03/2020 14:14:25,RAJH.16056744,LOKESH  VERMA,42 Year(s)/Female,,10122.702,1591.530,Apollo Tyres Staff,Discount Policy 3,Auto,,Deepak,,
265,RHCS792208,25/03/2020 17:24:12,RAJH.17150455,BABY OF SHAILZA  SHARMA,1 Year(s)/Male,,1500.000,225.000,,new2,All Keral Blood Donors Scheme,,Paresh,,
266,RHCS792214,26/03/2020 11:51:08,RAJH.17149013,TEST ER BILL  LNAME,26 Year(s)/Male,,17941.790,2026.290,,anshul,sandipta,,indranil,,
267,RHCS792215,26/03/2020 12:00:41,RAJH.17149013,TEST ER BILL  LNAME,26 Year(s)/Male,,19441.790,2206.290,,new,sandipta,,indranil,,
268,RHCS792217,26/03/2020 13:41:18,RAJH.17151423,CHE  CHE,45 Year(s)/Male,,3235.790,485.370,Apollo Tyres Staff,Discount Policy 3,Auto,,mahesh,,
269,RHCR7299,26/03/2020 13:52:01,RAJH.16060600,FNAME61607  LNAME61607,53 Year(s)/Female,,2489.070,2489.070,ANSHUL_RATE_CONTRACT,anshul agarwal,,,Gulab,,
270,RHCR7303,26/03/2020 15:34:32,RAJH.16060600,FNAME61607  LNAME61607,53 Year(s)/Female,,500.000,500.000,ANSHUL_RATE_CONTRACT,,,,Gulab,,
271,RHCR7304,26/03/2020 15:34:46,RAJH.17152534,RATNESH  VERMA,31 Year(s)/Male,,310.800,34.190,Apollo Tyres Staff,Discount Policy 3,Auto,,neha mahur,234324234234234,PAN CARD
272,RHCR7309,27/03/2020 13:29:22,RAJH.16060600,FNAME61607  LNAME61607,53 Year(s)/Female,,500.000,500.000,ANSHUL_RATE_CONTRACT,,,,Gulab,,
273,RHCS792229,30/03/2020 12:21:29,RAJH.17151522,ANISHH  E,32 Year(s)/Male,,17456.790,8398.400,,anshul agarwal,OWAIS ZAHID HEALTH SCHEME,,indranil,,
274,RHCS792234,30/03/2020 15:21:31,RAJH.17150005,RETERT  DFHNBV,35 Year(s)/Male,,500.000,200.000,,Management Decisions,,,gaurav,,
275,RHCR7312,31/03/2020 18:29:27,RAJH.17152534,RATNESH  VERMA,31 Year(s)/Male,,100.000,40.000,Apollo Tyres Staff,Discount Policy 3,,,Deepak,234324234234234,PAN CARD
276,RHCS792241,01/04/2020 13:20:30,RAJH.17152560,BBBBBB  TTTTTTT,77 Year(s)/Male,,5000.000,1000.000,,new,,,shivani,,
277,RHCS792244,01/04/2020 15:15:50,RAJH.16056732,FNAME57685  LNAME57685,65 Year(s)/Male,,500.000,200.000,,anshul agarwal,,,neha mahur,,
278,RHCS792245,01/04/2020 15:28:35,RAJH.16056732,FNAME57685  LNAME57685,65 Year(s)/Male,,500.000,200.000,,,,,neha mahur,,
279,RHCR7314,01/04/2020 15:45:27,RAJH.16056733,Fname57686  Lname57686,43 Year(s)/Female,,2489.070,995.628,Cognizant Technology Solutions India Private Limited,,,,neha mahur,,
280,RHCS792246,01/04/2020 15:59:25,RAJH.16056732,FNAME57685  LNAME57685,65 Year(s)/Male,,500.000,200.000,,anshul agarwal,,,neha mahur,,
281,RHCS792247,01/04/2020 16:55:01,RAJH.16056732,FNAME57685  LNAME57685,65 Year(s)/Male,,500.000,200.000,,anshul agarwal,,,Rai Singh,,
282,RHCS792248,02/04/2020 15:42:15,RAJH.17142590,Fname145183  Lname145183,33 Year(s)/Male,,10960.000,2000.000,,Discount Policy 3,,,shivani,,
283,RHCS792249,02/04/2020 15:45:22,RAJH.17142563,Fname145155  Lname145155,2 Year(s)/Male,,500.000,100.000,,42,,,shivani,,
284,RHCS792250,02/04/2020 15:53:07,RAJH.17142560,Fname145152  Lname145152,22 Year(s)/Female,,10960.000,2000.000,,42,,,shivani,,
285,RHCS792251,02/04/2020 16:03:46,RAJH.17146560,Fname149251  Lname149251,12 Year(s)/Male,,10960.000,2000.000,,sezal,,,shivani,,
286,RHCS792257,03/04/2020 10:40:27,RAJH.14000600,SUNIL KUMAR RAI,33 Year(s)/Male,,133.770,8.000,,anshul,,,Gulab,,
287,RHCS792269,06/04/2020 16:51:40,RAJH.17152603,TEAM1 CHANDRA CHANDRA,29 Year(s)/Male,,4385.790,877.158,,9,,,His Admin,,
288,RHCR7321,06/04/2020 20:07:51,RAJH.16060113,Fname61116  Lname61116,53 Year(s)/Male,,310.800,124.320,Apollo Tyres Staff,4,,,RameshWin,,
289,RHCS792274,07/04/2020 12:42:44,RAJH.17150459,RAM  JAIN,19 Year(s)/Male,,11510.760,2110.000,,30,,,anshul,,
290,RHCS792275,07/04/2020 14:00:14,RAJH.17150023,PANKAJ  VERD,26 Year(s)/Male,,50.000,20.000,ANSHUL_RATE_CONTRACT,30,,,gaurav,,
291,RHCS792276,07/04/2020 14:01:57,RAJH.17150024,ANKITA  SINGH,35 Year(s)/Female,,1400.000,140.000,,97,,,gaurav,,
292,RHCS792277,07/04/2020 14:06:38,RAJH.17150024,ANKITA  SINGH,35 Year(s)/Female,,1400.000,140.000,,Lokesh Kashyap,,,gaurav,,
293,RHCR7322,07/04/2020 14:55:04,RAJH.17152533,CHANDARBHAN SINGH SHARMA,34 Year(s)/Male,,3224.300,1289.720,Apollo Tyres Staff,4,,,Deepak,4242342342342342,PASSPORT NUMBER
294,RHCS792289,07/04/2020 18:21:55,RAJH.17152574,DELAYED CHANDRA CHANDRA,29 Year(s)/Male,,10000.000,5000.000,,sezal,,,sezal,,
295,RHCS792289,07/04/2020 18:21:55,RAJH.17152574,DELAYED CHANDRA CHANDRA,29 Year(s)/Male,,76543.000,30617.200,,sezal,,,sezal,,
296,RHCS792290,07/04/2020 18:28:35,RAJH.17152323,G  SHARMA,21 Year(s)/Male,,76543.000,76543.000,,anshul,100 Percentage,,sezal,op,PASSPORT NUMBER
297,RHCS792291,07/04/2020 19:11:25,RAJH.17142565,Fname145157  Lname145157,38 Year(s)/Male,,10960.000,2000.000,,42,,,shivani,,
298,RHCS792292,08/04/2020 12:38:54,RAJH.17152565,DEPOSIT  TEST,22 Year(s)/Male,,500.000,100.000,,42,,,shivani,,
299,FB7,09/04/2020 10:55:42,RAJH.17149898,VIBHUTI  NARAYAN,64 Year(s)/Male,,200.000,200.000,,anshul agarwal,100 Percentage,,ravik,,
300,RHCS792306,09/04/2020 11:42:10,RAJH.17152546,CORONA  CORONA,32 Year(s)/Male,,3885.790,1554.316,,42,,,Rai Singh,,
301,RHCS792307,09/04/2020 11:42:22,RAJH.17152546,CORONA  CORONA,32 Year(s)/Male,,3885.790,1554.316,,42,,,Rai Singh,,
302,RHCS792308,09/04/2020 12:00:08,RAJH.17152546,CORONA  CORONA,32 Year(s)/Male,,3885.790,1554.316,,42,,,Rai Singh,,
303,RHCS792309,09/04/2020 12:11:19,RAJH.17152546,CORONA  CORONA,32 Year(s)/Male,,3885.790,1554.316,,42,,,Rai Singh,,
304,RHCS792311,09/04/2020 12:30:44,RAJH.17152546,CORONA  CORONA,32 Year(s)/Male,,3885.790,1554.316,,sezal,,,Rai Singh,,
305,RHCS792317,09/04/2020 16:50:42,RAJH.17152012,AR 2  234,34 Year(s)/Female,,490.000,250.000,,new,DIALYSIS CHARITY ,,indranil,,
306,RHCS792318,10/04/2020 11:59:54,RAJH.17140055,Fname142538  Lname142538,78 Year(s)/Male,,1000.000,200.000,Apollo Tyres Staff,Gaurav Makkar,,,anil,,
307,RHCS792319,10/04/2020 12:31:19,RAJH.17140055,Fname142538  Lname142538,78 Year(s)/Male,,1010.000,404.000,Apollo Tyres Staff,Lokesh Kashyap,,,anil,,
308,RHCS792320,10/04/2020 12:48:36,RAJH.17150026,R23  S,35 Year(s)/Male,,1400.000,140.000,,97,,,gaurav,,
309,RHCS792321,10/04/2020 12:51:04,RAJH.17150024,ANKITA  SINGH,35 Year(s)/Female,,1400.000,140.000,,anshul agarwal,,,anil,,
310,RHCS792322,10/04/2020 12:53:12,RAJH.17150066,DUE_IP  DETAIL,33 Year(s)/Male,,1400.000,140.000,,Lokesh Kashyap,,,anil,,
311,RHCS792323,10/04/2020 12:54:24,RAJH.17150024,ANKITA  SINGH,35 Year(s)/Female,,1400.000,140.000,,30,,,gaurav,,
312,RHCS792324,10/04/2020 12:55:53,RAJH.17150055,ERT  ERT,34 Year(s)/Male,,1400.000,140.000,,30,,,anil,,
313,RHCS792325,10/04/2020 12:59:44,RAJH.17140055,Fname142538  Lname142538,78 Year(s)/Male,,1050.000,105.000,Apollo Tyres Staff,95,,,anil,,
314,RHCS792330,10/04/2020 16:08:50,RAJH.17141212,FNAME143760  LNAME143760,60 Year(s)/Female,,1098.000,432.000,,sezal,,,sezal,02652641,PASSPORT NUMBER
315,RHCS792331,10/04/2020 16:12:04,RAJH.17152323,G  SHARMA,21 Year(s)/Male,,15720.000,6000.000,,anshul,,,sezal,op,PASSPORT NUMBER
316,RHCS792333,10/04/2020 17:09:28,RAJH.16058383,Fname59364  Lname59364,49 Year(s)/Female,,1000.000,1000.000,,sezal,,,sezal,,
317,RHCS792333,10/04/2020 17:09:28,RAJH.16058383,Fname59364  Lname59364,49 Year(s)/Female,,10720.000,4000.000,,sezal,,,sezal,,
318,RHCS792336,10/04/2020 17:28:16,RAJH.17149261,UNADJUSTED    .DEPOSIT,36 Year(s)/Male,,500.000,75.000,Apollo Tyres Staff,new,Auto,,indranil,,
319,RHCS792337,10/04/2020 17:30:12,RAJH.17149261,UNADJUSTED    .DEPOSIT,36 Year(s)/Male,,550.000,275.000,Apollo Tyres Staff,Lokesh Kashyap,UST ,,indranil,,
320,RHCS792339,10/04/2020 17:56:24,RAJH.16068954,Fname70078  Lname70078,38 Year(s)/Female,,10000.000,10000.000,,anshul,100 Percentage,,sezal,,
321,RHCR7327,10/04/2020 18:36:41,RAJH.16058389,Fname59370  Lname59370,83 Year(s)/Male,,400.000,160.000,ANSHUL_RATE_CONTRACT,sezal,,,sezal,,
322,RHCR7328,10/04/2020 23:24:13,RAJH.17150998,STUTI  WERTYUJKL,35 Year(s)/Female,,660.000,396.000,MEDICA1,anshul agarwal,Abhishek_Scheme,,Stuti Tripathi,,
323,RHCR7338,14/04/2020 11:04:59,RAJH.17150909,STUTI  TRIPATHI,41 Year(s)/Female,,310.800,186.480,ANSHUL_RATE_CONTRACT,anshul agarwal,Abhishek_Scheme,,Rai Singh,,
324,RHCR7340,14/04/2020 11:23:50,RAJH.16063231,Fname64278  LNAME64278,3 Year(s)/Female,,10000.000,4000.000,Health India TPA Services Pvt.Ltd,sezal,,,sezal,,
325,RHCR7341,14/04/2020 11:25:59,RAJH.16053231,Fname54104  Lname54104,6 Year(s)/Male,,1000.000,400.000,Hindalco,sezal,,,sezal,,
326,RHCR7342,14/04/2020 19:12:45,rajh.17150458,LILY  JAIN,2 Year(s)/Female,,500.000,250.000,NEW_FIANL_RATE_CONTRACT,new2,,,anshul,,
327,RHCR7343,14/04/2020 19:17:28,RAJH.17150456,TESTING  DIAGNOSTICS,31 Year(s)/Male,,500.000,100.000,NEW_FIANL_RATE_CONTRACT,sezal,,,anshul,678,PASSPORT NUMBER
328,RHCR7345,15/04/2020 17:22:45,RAJH.17150458,LILY  JAIN,2 Year(s)/Female,,1400.000,280.000,NEW_FIANL_RATE_CONTRACT,anshul agarwal,,,anil,,
329,RHCR7347,16/04/2020 20:53:16,RAJH.17150459,RAM  JAIN,19 Year(s)/Male,,2400.000,2400.000,New RC 240619,anshul,,,Paresh,,
330,RHCR7349,16/04/2020 21:36:46,RAJH.17150101,RAJU  CHANDRA,21 Year(s)/Male,,10000.000,2000.000,3RD PARTY,sezal,,,sezal,,
331,RHCR7350,16/04/2020 21:40:52,RAJH.17150202,TESTINGGGGGG  HAHAHAHA,20 Year(s)/Male,,10000.000,4000.000,3RD PARTY,sezal,,,sezal,,
332,RHCR7351,16/04/2020 21:44:48,RAJH.17152421,RTHYJUKILO  qwerty,4 Year(s)/Female,,19000.000,7600.000,3RD PARTY,sezal,,,sezal,,
333,RHCR7352,16/04/2020 22:06:27,RAJH.17150455,BABY OF SHAILZA  SHARMA,1 Year(s)/Male,,400.000,400.000,A1,gaurav test 1,,,Paresh,,
334,RHCR7354,17/04/2020 15:43:25,RAJH.17150103,GDFGD  CHANDR,3 Year(s)/Male,,76.660,46.000,ANSHUL_RATE_CONTRACT,Discount Policy 3,Abhishek_Scheme,,gaurav,,
335,RHCR7355,20/04/2020 13:33:31,RAJH.16070906,Fname72056  Lname72056,14 Year(s)/Female,,1578.840,625.200,Apollo Tyres Staff,anshul,,,sukanya,,
336,RHCR7358,22/04/2020 13:26:27,RAJH.16070906,Fname72056  Lname72056,14 Year(s)/Female,,440.000,440.000,Apollo Tyres Staff,anshul,,,sukanya,,
337,RHCR7396,04/05/2020 14:44:58,RAJH.16061212,Fname62223  Lname62223,28 Year(s)/Male,,1000.000,200.000,CGHS,sezal,,,sezal,,
338,RHCR7412,06/05/2020 15:43:28,RAJH.17149082,SIMRAN   SHARMA,30 Year(s)/Female,,3000.000,1200.000,Apollo Tyres Staff,anshul,,,shivani,,
339,RHCR7413,06/05/2020 15:46:16,RAJH.17149081,CHANDU  VERMA,36 Year(s)/Male,,3000.000,1200.000,Apollo Tyres Staff,anshul,,,shivani,,
340,RHCR7414,06/05/2020 15:48:02,RAJH.17149082,SIMRAN   SHARMA,30 Year(s)/Female,,3000.000,1200.000,Apollo Tyres Staff,anshul,,,shivani,,
341,RHCR7415,06/05/2020 16:30:25,RAJH.17149082,SIMRAN   SHARMA,30 Year(s)/Female,,3000.000,1200.000,Apollo Tyres Staff,anshul,,,shivani,,
342,RHCS792620,07/05/2020 19:34:52,RAJH.17152754,PAWAN KUMAR SINGH,28 Year(s)/Male,,1500.000,900.000,,sujay,Abhishek_Scheme,,Pawan,,
343,RHCR7427,07/05/2020 20:55:06,RAJH.17150035,ANUJ  SINGHAL,22 Year(s)/Male,,1000.000,200.000,Apollo Tyres Staff,anshul,,,gaurav,,
344,RHCS792627,08/05/2020 10:04:49,RAJH.17150678,GBDZF  ZX,11 Year(s)/Male,,4000.000,2000.000,Apollo Tyres Staff,Discount Policy 3,,,Ramakant,,
345,RHCS792629,08/05/2020 14:35:39,RAJH.17149471,KAMAL  JAIN,20 Year(s)/Male,,3000.000,1200.000,,Discount Policy 3,,,Ramakant,,
346,RHCR7428,08/05/2020 16:12:47,RAJH.17149279,TIGHER  SHROFF,31 Year(s)/Male,,20000.000,9000.000,Apollo Tyres Staff,Discount Policy 3,,,Ramakant,,
347,RHCR7429,08/05/2020 16:14:44,RAJH.17149279,TIGHER  SHROFF,31 Year(s)/Male,,30000.000,12000.000,Apollo Tyres Staff,Discount Policy 3,,,Ramakant,,
348,RHCR7430,08/05/2020 16:36:34,RAJH.17149839,SSSSS  KKKKK,54 Year(s)/Male,,24000.000,12000.000,Apollo Tyres Staff,Discount Policy 3,,,Ramakant,,
349,RHCR7431,08/05/2020 16:38:14,RAJH.17150202,TESTINGGGGGG  HAHAHAHA,20 Year(s)/Male,,1800.000,900.000,Apollo Tyres Staff,Discount Policy 3,,,Ramakant,,
350,RHCR7443,16/05/2020 17:21:13,RAJH.17152791,CHANDRA CHANDRA CHANDRA,29 Year(s)/Male,,110.000,110.000,CGHS,anshul,CMI-SH (Relatives),,Gulab,,
351,RHCR7445,18/05/2020 17:46:05,RAJH.17152791,CHANDRA CHANDRA CHANDRA,29 Year(s)/Male,,1000.000,500.000,Apollo Tyres Staff,anshul agarwal,CMI-SH (Relatives),,anil,,
352,RHCR7446,19/05/2020 09:33:44,RAJH.123,GOPINATHAN.G  12001307,77 Year(s)/Male,,1000.000,500.000,Apollo Tyres Staff,anshul agarwal,CMI-SH (Relatives),,anil,,
353,RHCR7447,19/05/2020 09:41:04,RAJH.123,GOPINATHAN.G  12001307,77 Year(s)/Male,,1500.000,499.990,Apollo Tyres Staff,anshul agarwal,CMI-SH (Relatives),,anil,,
354,RHCR7448,19/05/2020 09:48:23,RAJH.123,GOPINATHAN.G  12001307,77 Year(s)/Male,,1500.000,600.000,Apollo Tyres Staff,anshul agarwal,CMI-SH (Relatives),,anil,,
355,RHCS792718,21/05/2020 13:17:49,RAJH.17152804,GAURAV  SHARMA,24 Year(s)/Male,,5200.000,5200.000,,anshul agarwal,100 Percentage,,gaurav,,
356,RHCS792727,22/05/2020 14:27:28,RAJH.17149261,UNADJUSTED    .DEPOSIT,36 Year(s)/Male,,3500.000,1750.000,Apollo Tyres Staff,sujay,UST ,,indranil,,
357,RHCR7453,22/05/2020 14:56:22,RAJH.17149279,TIGHER  SHROFF,31 Year(s)/Male,,1500.000,500.000,Apollo Tyres Staff,sezal,CMI-SH (Relatives),,indranil,,
358,RHCS792762,26/05/2020 10:50:43,RAJH.17152865,SUNEEL  GUPTA,25 Year(s)/Male,,100.000,50.000,,anshul,Cancure Karuthal Kendram,,guru,1222212,PASSPORT NUMBER
359,RHCS792767,26/05/2020 11:31:32,RAJH.17152850,DEMO TEST USER,23 Year(s)/Male,,1500.000,300.000,,Discount Policy 3,,,Deepak,12345,PAN CARD
360,RHCR7469,26/05/2020 13:16:53,RAJH.16070918,Fname72068  Lname72068,65 Year(s)/Female,,1300.000,800.000,Apollo Tyres Staff,gaurav test 1,CMI -SH,,sukanya,,
361,RHCR7470,26/05/2020 13:19:25,RAJH.16070919,Fname72069  Lname72069,19 Year(s)/Female,,900.000,700.000,Apollo Tyres Staff,gaurav test 1,CMI -SH,,sukanya,,
362,FB8,26/05/2020 14:32:07,RAJH.17152860,DEMO TEST USER,23 Year(s)/Male,,2875.000,2875.000,Cognizant Staff Dependent,anshul agarwal,Rajagiri -Staff,,Deepak,12345,PAN CARD
363,RHCS792851,27/05/2020 12:46:23,RAJH.16051212,FNAME52024  LNAME52024,30 Year(s)/Male,,1000.000,100.000,,sezal,,,sezal,,
364,FB9,27/05/2020 15:26:58,RAJH.17152812,Automation Test User,23 Year(s)/Male,,2070.000,2070.000,Cognizant Staff Dependent,anshul agarwal,Rajagiri -Staff,,Deepak,12345,PAN CARD
365,FB10,27/05/2020 15:32:06,RAJH.17152822,Automation Test User,23 Year(s)/Male,,702.000,702.000,Cognizant Staff Dependent,anshul agarwal,Rajagiri -Staff,,Deepak,12345,PAN CARD
366,RHCS792912,28/05/2020 11:52:42,RAJH.17150699,GOURAV  JI,20 Year(s)/Male,,1000.000,1000.000,,gaurav test 1,CMI -SH,,Ankit Singh,,
367,RHCS792988,29/05/2020 16:24:11,RAJH.17150688,SAQIB  AHMAD,31 Year(s)/Male,,1722.000,1722.000,,gaurav test 1,CMI -SH,,Ankit Singh,,
368,RHCS793025,30/05/2020 10:52:40,RAJH.17153004,TEST1234  jkl;,25 Year(s)/Male,,4800.000,480.000,,anshul,,,sujay,,
369,RHCR7540,30/05/2020 15:06:15,RAJH.17153014,DEMO TEST USER,23 Year(s)/Male,,200.000,20.000,NEW CGHS,anshul agarwal,,,Ratnesh,12345,PAN CARD
370,RHCR7547,30/05/2020 16:14:04,RAJH.17153019,DEMO TEST USER,23 Year(s)/Male,,200.000,20.000,NEW CGHS,anshul agarwal,,,Ratnesh,12345,PAN CARD
371,RHCR7550,30/05/2020 16:33:42,RAJH.17153019,DEMO TEST USER,23 Year(s)/Male,,200.000,20.000,NEW CGHS,anshul agarwal,,,Ratnesh,12345,PAN CARD
372,RHCR7554,30/05/2020 17:10:42,RAJH.17153019,DEMO TEST USER,23 Year(s)/Male,,200.000,20.000,NEW CGHS,anshul agarwal,,,Ratnesh,12345,PAN CARD
373,RHCR7558,30/05/2020 17:38:27,RAJH.17153023,DEMO TEST USER,23 Year(s)/Male,,200.000,20.000,NEW CGHS,anshul agarwal,,,Ratnesh,12345,PAN CARD
374,RHCR7560,30/05/2020 18:15:22,RAJH.17153024,DEMO TEST USER,23 Year(s)/Male,,200.000,20.000,NEW CGHS,anshul agarwal,,,Ratnesh,12345,PAN CARD
375,RHCR7565,31/05/2020 12:03:39,RAJH.17153026,DEMO TEST USER,23 Year(s)/Male,,200.000,20.000,NEW CGHS,anshul agarwal,,,Ratnesh,12345,PAN CARD
376,RHCR7571,31/05/2020 14:04:59,RAJH.17153027,DEMO TEST USER,23 Year(s)/Male,,200.000,20.000,NEW CGHS,anshul agarwal,,,Ratnesh,12345,PAN CARD
377,RHCR7573,31/05/2020 16:17:50,RAJH.17151896,ANKIT KUMAR AUTOMATION4,61 Year(s)/Male,,10000.000,1500.000,YATHARTH RATE CONTRACT,anshul,YATHARTH SCHEME,,sujay,654321,PAN CARD
378,RHCR7575,31/05/2020 18:22:57,RAJH.17153050,DEMO TEST USER,23 Year(s)/Male,,200.000,20.000,NEW CGHS,anshul agarwal,,,Ratnesh,12345,PAN CARD
379,RHCR7577,31/05/2020 20:46:23,RAJH.17153066,DEMO TEST USER,23 Year(s)/Male,,200.000,20.000,NEW CGHS,anshul agarwal,,,Ratnesh,12345,PAN CARD
380,RHCR7579,31/05/2020 22:53:01,RAJH.17153080,DEMO TEST USER,23 Year(s)/Male,,200.000,20.000,NEW CGHS,anshul agarwal,,,Ratnesh,12345,PAN CARD
381,RHCR7580,31/05/2020 23:02:04,RAJH.17153081,DEMO TEST USER,23 Year(s)/Male,,200.000,20.000,NEW CGHS,anshul agarwal,,,Ratnesh,12345,PAN CARD
382,RHCR7581,31/05/2020 23:14:07,RAJH.17153082,DEMO TEST USER,23 Year(s)/Male,,200.000,20.000,NEW CGHS,anshul agarwal,,,Ratnesh,12345,PAN CARD
383,RHCR7582,31/05/2020 23:28:19,RAJH.17153083,DEMO TEST USER,23 Year(s)/Male,,200.000,20.000,NEW CGHS,anshul agarwal,,,Ratnesh,12345,PAN CARD
384,RHCR7583,31/05/2020 23:45:41,RAJH.17153084,DEMO TEST USER,23 Year(s)/Male,,200.000,20.000,NEW CGHS,anshul agarwal,,,Ratnesh,12345,PAN CARD
385,RHCR7585,01/06/2020 09:34:15,RAJH.17153118,DEMO TEST USER,23 Year(s)/Male,,200.000,20.000,NEW CGHS,anshul agarwal,,,Ratnesh,12345,PAN CARD
386,RHCR7592,01/06/2020 11:53:06,RAJH.17153134,DEMO TEST USER,23 Year(s)/Male,,200.000,20.000,NEW CGHS,anshul agarwal,,,Ratnesh,12345,PAN CARD
387,RHCR7593,01/06/2020 12:02:18,RAJH.17153135,DEMO TEST USER,23 Year(s)/Male,,200.000,20.000,NEW CGHS,anshul agarwal,,,Ratnesh,12345,PAN CARD
388,RHCR7594,01/06/2020 12:14:22,RAJH.17153136,DEMO TEST USER,23 Year(s)/Male,,200.000,20.000,NEW CGHS,anshul agarwal,,,Ratnesh,12345,PAN CARD
389,RHCR7595,01/06/2020 12:28:17,RAJH.17153137,DEMO TEST USER,23 Year(s)/Male,,200.000,20.000,NEW CGHS,anshul agarwal,,,Ratnesh,12345,PAN CARD
390,RHCR7597,01/06/2020 13:32:05,RAJH.17149081,CHANDU  VERMA,36 Year(s)/Male,,3222.000,1288.800,Apollo Tyres Staff,anshul,,,shivani,,
391,RHCR7598,01/06/2020 13:40:51,RAJH.17149082,SIMRAN   SHARMA,30 Year(s)/Female,,3000.000,1200.000,Apollo Tyres Staff,anshul agarwal,,,shivani,,
392,RHCR7599,01/06/2020 14:19:12,RAJH.17153143,DEMO TEST USER,23 Year(s)/Male,,200.000,20.000,NEW CGHS,anshul agarwal,,,Ratnesh,12345,PAN CARD
393,FB11,01/06/2020 14:44:56,RAJH.17151050,SUKHWINDER  SINGH,35 Year(s)/Male,,1500.000,1500.000,DHRC-Rate Contract,anshul agarwal,Abhishek_Scheme,,Abhishek Kumar,,
394,RHCR7602,01/06/2020 16:26:24,RAJH.17153145,DEMO TEST USER,23 Year(s)/Male,,200.000,20.000,NEW CGHS,anshul agarwal,,Billing Remarks-Ratnesh,Ratnesh,12345,PAN CARD
395,RHCR7606,01/06/2020 22:06:35,RAJH.17153149,DEMO TEST USER,23 Year(s)/Male,,200.000,20.000,NEW CGHS,anshul agarwal,,Billing Remarks-Ratnesh,Ratnesh,12345,PAN CARD
396,RHCR7611,02/06/2020 11:32:24,RAJH.17153158,DEMO TEST USER,23 Year(s)/Male,,200.000,20.000,NEW CGHS,anshul agarwal,,,Ratnesh,12345,PAN CARD
397,RHCR7612,02/06/2020 11:42:05,RAJH.17153159,DEMO TEST USER,23 Year(s)/Male,,200.000,20.000,NEW CGHS,anshul agarwal,,,Ratnesh,12345,PAN CARD
398,RHCR7613,02/06/2020 11:50:45,RAJH.17153160,DEMO TEST USER,23 Year(s)/Male,,200.000,20.000,NEW CGHS,anshul agarwal,,,Ratnesh,12345,PAN CARD
399,RHCR7614,02/06/2020 12:02:21,RAJH.17153162,DEMO TEST USER,23 Year(s)/Male,,200.000,20.000,NEW CGHS,anshul agarwal,,,Ratnesh,12345,PAN CARD
400,RHCR7615,02/06/2020 12:15:26,RAJH.17153163,DEMO TEST USER,23 Year(s)/Male,,200.000,20.000,NEW CGHS,anshul agarwal,,,Ratnesh,12345,PAN CARD
401,RHCR7618,02/06/2020 14:51:56,RAJH.17153171,DEMO TEST USER,23 Year(s)/Male,,200.000,20.000,NEW CGHS,anshul agarwal,,Billing Remarks-Ratnesh,Ratnesh,12345,PAN CARD
402,RHCR7619,02/06/2020 15:06:33,RAJH.17153171,DEMO TEST USER,23 Year(s)/Male,,200.000,20.000,NEW CGHS,anshul agarwal,,Billing Remarks-Ratnesh,Ratnesh,12345,PAN CARD
403,RHCR7620,02/06/2020 15:57:46,RAJH.17153173,DEMO TEST USER,23 Year(s)/Male,,200.000,20.000,NEW CGHS,anshul agarwal,,Billing Remarks-Ratnesh,Ratnesh,12345,PAN CARD
404,RHCR7622,02/06/2020 17:55:57,RAJH.17153185,DEMO TEST USER,23 Year(s)/Male,,200.000,20.000,NEW CGHS,anshul agarwal,,,Ratnesh,12345,PAN CARD
405,RHCS793138,08/06/2020 11:45:34,RAJH.17151753,STUTI  T,56 Year(s)/Female,,750.000,150.000,,anshul agarwal,,,Stuti Tripathi,,
406,RHCR7629,10/06/2020 01:54:32,RAJH.17153236,DEMO TEST USER,23 Year(s)/Male,,200.000,20.000,NEW CGHS,anshul agarwal,,,Ratnesh,12345,PAN CARD
407,RHCR7630,10/06/2020 04:48:58,RAJH.17153252,DEMO TEST USER,23 Year(s)/Male,,200.000,20.000,NEW CGHS,anshul agarwal,,,Ratnesh,12345,PAN CARD
408,RHCR7631,10/06/2020 05:13:09,RAJH.17153253,DEMO TEST USER,23 Year(s)/Male,,200.000,20.000,NEW CGHS,anshul agarwal,,Billing Remarks-Ratnesh,Ratnesh,12345,PAN CARD
409,RHCS793237,18/06/2020 10:30:46,RAJH.17141414,Fname143969  LNAME143969,3 Year(s)/Female,,511.000,102.200,,sezal,,,sezal,,
