S.no,UHID,IPID,Patient Name,Payer type,Company Type,Company,Rate Contract,Bill No.,Bill Date Time,Bill Amount,Discount Percentage,Discount Amount,Package Amount,Scheme name,Discount Reason,Discount Head,Authorized By,User Name,Discount Given date time,Facility Name,IDType,ID,DiscountRemarks
1,RAJH.1,41149,Mr. UHID  CHECK,Credit,Corporate,Apollo Tyres,Apollo Tyres Staff,,,,60.00,26441.40,9000.00,,Infection Control Discount,Infection Control,anshul,sukanya,03/07/2020 16:11:04,L1-SANITY-T3,Aadhar Card,4112001,
2,RAJH.17153444,41156,Mr. PAWAN  SINGH,Cash,,,,,,,26.00,4940.00,8000.00,,Auto Discount,Auto Discount,Discount Policy 3,Abhishek Kumar,02/07/2020 17:34:24,L1-SANITY-T3,,,
3,RAJH.17150962,39882,Ms. EMERGENCY  ,Credit,Corporate,Apollo Tyres,Apollo Tyres Staff,,,,1.46,10000.00,0.00,,HISTREE DISCOUNT,HISTREE DISCOUNT,anshul agarwal,Owais,02/07/2020 15:28:10,L1-SANITY-T3,,,
4,RAJH.17149201,40672,Mr. SETHI  TEST,Cash,,,,,,,15.00,94488.30,17000.00,,Abcd Discount,abcd Discount,Discount Policy 3,Ayush Upadhyay 1234567890,02/07/2020 11:02:33,L1-SANITY-T3,,,HDnciowscwos fchewgfciwef 
5,RAJH.17143868,36770,Fname146496 Lname146496,Credit,TPA,Health India TPA Services Pvt. Ltd.,Health India TPA Services Pvt.Ltd,,,,50.00,670624.00,0.00,,Auto Discount,Auto Discount,Discount Policy 3,Sagar Gohri,30/06/2020 16:21:11,L1-SANITY-T3,,,
6,RAJH.16074541,41011,Mrs. FNAME75739  LNAME75739,Cash,,,,,,,10.00,23473.30,7000.00,,Auto Discount,Auto Discount,Puneett,Abhishek Kumar,29/06/2020 14:26:17,L1-SANITY-T3,,,
7,RAJH.17150949,39820,Mr. SANITY SMS  ERGEGR,Credit,Corporate,CGHS,ANSHUL_RATE_CONTRACT,,,,30.00,297469.50,66000.00,,wwww,only single,Discount Policy 3,Sagar Gohri,29/06/2020 11:59:42,L1-SANITY-T3,,,
8,RAJH.16060606,41138,Mr. FNAME61613  LNAME61613,Cash,,,,IPCS41511,27/06/2020 19:41:11,4016.00,50.00,8.00,0.00,,ankit 10,ankit 10 %,Discount Policy 3,Gulab,27/06/2020 19:41:37,L1-SANITY-T3,,,
9,RAJH.14000087,38923,Mr. FNAME87  LNAME87,Cash,,,,,,,1.00,30241.00,0.00,,ravi 2,Govind,new,SONUSINGH,23/06/2020 16:25:57,L1-SANITY-T3,,,xcvbnm
10,RAJH.14000087,38923,Mr. FNAME87  LNAME87,Cash,,,,,,,1.00,3567.00,0.00,,ravi 2,Govind,new,SONUSINGH,23/06/2020 16:25:57,L1-SANITY-T3,,,xcvbnm
11,RAJH.14000087,38923,Mr. FNAME87  LNAME87,Cash,,,,,,,1.00,1.00,0.00,,ravi 2,Govind,new,SONUSINGH,23/06/2020 16:25:57,L1-SANITY-T3,,,xcvbnm
12,RAJH.17153346,41119,Mr. TESTING KUMAR SHARMA,Credit,Corporate,CGHS COMPANY,NEW CGHS,,,,1.00,6.00,0.00,,Auto Discount,Auto Discount,Discount Policy 3,Abhishek Kumar,23/06/2020 10:32:50,L1-SANITY-T3,,12345,
13,RAJH.17153347,41120,Mr. TEST  GROUP,Credit,Corporate,CGHS,CGHS,,,,1.00,61.04,0.00,,Auto Discount,Auto Discount,Discount Policy 3,shailesh,22/06/2020 16:43:04,L1-SANITY-T3,,,
14,RAJH.17153014,41066,Mr. DEMO TEST USER,Credit,Corporate,CGHS,Cognizant Staff Dependent,RHCR24,,1250.00,4.00,40.00,0.00,,20%,Owais Zahid,sezal,sezal,18/06/2020 10:11:06,L1-SANITY-T3,PAN CARD,12345,
15,RAJH.17151938,40434,Ms. Ankit Kumar Automation4,Credit,Referral,TrioTree Technology Pvt Ltd.,Rajagiri Care Card,,,,5.00,28200.00,0.00,,Charity Discount,Charity,sezal,sezal,18/06/2020 10:04:42,L1-SANITY-T3,PAN CARD,654321,
16,RAJH.17151938,40434,Ms. Ankit Kumar Automation4,Credit,Referral,TrioTree Technology Pvt Ltd.,Rajagiri Care Card,,,,5.00,50.00,0.00,,Charity Discount,Charity,sezal,sezal,18/06/2020 10:04:41,L1-SANITY-T3,PAN CARD,654321,
17,RAJH.17151277,40025,Baby BABY OF MAHARANI  JI,Cash,,,,,,,5.00,3245.00,0.00,,ravi 1,DISCOUNT,Ayush,sezal,18/06/2020 09:58:01,L1-SANITY-T3,,,
18,RAJH.17151277,40025,Baby BABY OF MAHARANI  JI,Cash,,,,,,,5.00,2480.00,0.00,,ravi 1,DISCOUNT,Ayush,sezal,18/06/2020 09:57:58,L1-SANITY-T3,,,
19,RAJH.17153301,41101,Mr. TESTING KUMAR SHARMA,Cash,,,,,,,1.00,365.00,0.00,,Auto Discount,Auto Discount,Discount Policy 3,Abhishek Kumar,17/06/2020 10:07:16,L1-SANITY-T3,,12345,
20,RAJH.17153314,41103,Mr. TESTING KUMAR SHARMA,Cash,,,,,,,1.00,365.00,0.00,,Auto Discount,Auto Discount,Discount Policy 3,Abhishek Kumar,16/06/2020 17:46:47,L1-SANITY-T3,,12345,
21,RAJH.17149349,39691,Mr. AALOK  GUPTA,Credit,Corporate,CGHS,ANSHUL_RATE_CONTRACT,,,,0.30,5000.00,0.00,,Abcd Discount,abcd Discount,Discount Policy,Pawan Indent Order testing,12/06/2020 17:50:56,L1-SANITY-T3,,,testDist
22,RAJH.17141010,41093,Mrs. Fname143548  Lname143548,Cash,,,,IPCS41485,04/06/2020 17:43:49,5400.00,10.00,540.00,0.00,,Pharmacy Discount,Staff,anshul agarwal,anshul,12/06/2020 15:28:46,L1-SANITY-T3,,,Discount 4 the time from web(on total bill discount)
23,RAJH.17151003,39847,Mrs. SAMPLE COLLECTION PATIENT,Credit,TPA,Family Health Plan,ANSHUL_RATE_CONTRACT,,,,1.47,500.00,0.00,,HISTREE DISCOUNT,HISTREE DISCOUNT,sezal,Ravi (T3),12/06/2020 11:21:59,L1-SANITY-T3,PASSPORT NUMBER,1,Dicount Given For Test
24,RAJH.17151003,39847,Mrs. SAMPLE COLLECTION PATIENT,Credit,TPA,Family Health Plan,ANSHUL_RATE_CONTRACT,,,,7.96,605.00,0.00,,HISTREE DISCOUNT,HISTREE DISCOUNT,sezal,Ravi (T3),12/06/2020 11:21:59,L1-SANITY-T3,PASSPORT NUMBER,1,Dicount Given For Test
25,RAJH.17151003,39847,Mrs. SAMPLE COLLECTION PATIENT,Credit,TPA,Family Health Plan,ANSHUL_RATE_CONTRACT,,,,19.19,95.00,0.00,,HISTREE DISCOUNT,HISTREE DISCOUNT,sezal,Ravi (T3),12/06/2020 11:21:59,L1-SANITY-T3,PASSPORT NUMBER,1,Dicount Given For Test
26,RAJH.17153278,41096,Mr. GHGHGH  GHHGHGGH,Cash,,,,IPCS41501,11/06/2020 16:34:32,27559.00,51.76,1760.00,0.00,,Abcd Discount,abcd Discount,Discount Policy 3,gaurav Sharma (Triotree technologies PVT LTD),11/06/2020 16:34:38,L1-SANITY-T3,,,
27,RAJH.17149126,39389,Mr. AJAY  VERMA,Cash,Corporate,Aizar Pipes,Aizar Pipes,RHIC41214,,1292737.00,0.01,100.00,0.00,,ravi 2,Govind,Ayush,Ramakant,10/06/2020 15:03:43,L1-SANITY-T3,,,DistCheck
28,RAJH.17149126,39389,Mr. AJAY  VERMA,Cash,Corporate,Aizar Pipes,Aizar Pipes,RHIC41214,,1292737.00,0.01,100.00,0.00,,ravi 2,Govind,Ayush,Ramakant,10/06/2020 14:13:50,L1-SANITY-T3,,,DistTestingForDischarge
29,RAJH.17151455,40157,Baby BABY OF  RUCHI  KUCHI,Cash,,,,,,,5.00,10.00,0.00,,Abcd Discount,abcd Discount,SUJAYDHANUK,Ravi (T3),10/06/2020 13:59:34,L1-SANITY-T3,,,dr.guliver
30,RAJH.16109297,38365,Dr. FNAME111115  LNAME111115,Credit,,,,,,,23.55,154.00,0.00,,HISTREE DISCOUNT,HISTREE DISCOUNT,IT ADMIN,Ravi (T3),10/06/2020 11:08:35,L1-SANITY-T3,,,Discount Check -10
31,RAJH.16109297,38365,Dr. FNAME111115  LNAME111115,Credit,,,,,,,37.50,300.00,0.00,,HISTREE DISCOUNT,HISTREE DISCOUNT,IT ADMIN,Ravi (T3),10/06/2020 11:08:35,L1-SANITY-T3,,,Discount Check -10
32,RAJH.16109297,38365,Dr. FNAME111115  LNAME111115,Credit,,,,,,,40.00,100.00,0.00,,HISTREE DISCOUNT,HISTREE DISCOUNT,IT ADMIN,Ravi (T3),10/06/2020 11:08:35,L1-SANITY-T3,,,Discount Check -10
33,RAJH.16109297,38365,Dr. FNAME111115  LNAME111115,Credit,,,,,,,12.50,50.00,0.00,,HISTREE DISCOUNT,HISTREE DISCOUNT,IT ADMIN,Ravi (T3),10/06/2020 11:08:35,L1-SANITY-T3,,,Discount Check -10
34,RAJH.17149810,39097,Baby BABY OF SDGMDCV  SD,Cash,,,,,,,30.00,300.00,1000.00,,amount,IT ADMIN,Ayush,Ravi (T3),10/06/2020 11:00:29,L1-SANITY-T3,,,DIscount for test
35,RAJH.17149810,39097,Baby BABY OF SDGMDCV  SD,Cash,,,,,,,0.20,1000.00,1000.00,,amount,IT ADMIN,Ayush,Ravi (T3),10/06/2020 11:00:29,L1-SANITY-T3,,,DIscount for test
36,RAJH.17152416,40828,Mr. JAMES  ,Credit,,,,IPCR39,09/06/2020 17:07:15,319650.00,0.22,700.00,0.00,,HISTREE DISCOUNT,HISTREE DISCOUNT,IT ADMIN,Ravi (T3),09/06/2020 17:07:28,L1-SANITY-T3,,,
37,RAJH.17152416,40828,Mr. JAMES  ,Credit,,,,IPCR39,09/06/2020 17:07:15,319650.00,88.89,400.00,0.00,,HISTREE DISCOUNT,HISTREE DISCOUNT,IT ADMIN,Ravi (T3),09/06/2020 17:07:28,L1-SANITY-T3,,,
38,RAJH.17152202,40958,Mr. SUJAY  KUMAR,Cash,,,,RHIC41412,,69803.00,0.00,1.00,0.00,,a2,a1,new,Abhishek Kumar,06/06/2020 09:22:13,L1-SANITY-T3,,,dfdf
39,RAJH.17153131,41089,Mr. AJEET  SINGH,Credit,Corporate,CGHS,CGHS,,,,10.00,22.00,11000.00,,Staff Only,Gaurav Makkar,anshul,sukanya,05/06/2020 11:07:27,L1-SANITY-T3,,,
40,RAJH.17153131,41089,Mr. AJEET  SINGH,Credit,Corporate,CGHS,CGHS,,,,60.00,88844.00,11000.00,,Staff Only,Gaurav Makkar,anshul,sukanya,05/06/2020 11:07:27,L1-SANITY-T3,,,
41,RAJH.17153131,41089,Mr. AJEET  SINGH,Credit,Corporate,CGHS,CGHS,,,,70.00,560.00,11000.00,,Staff Only,Gaurav Makkar,anshul,sukanya,05/06/2020 11:07:27,L1-SANITY-T3,,,
42,RAJH.17151404,40116,Ms. RUCHI  KUCHI,Credit,Corporate,CGHS,CGHS,IPCR35,01/06/2020 16:04:09,31804.00,0.35,100.00,0.00,,ankit 10,ankit 10 %,Owais,sujay,01/06/2020 16:04:21,L1-SANITY-T3,,,
43,RAJH.17151778,40318,Mr. NEW DEPENDENT  2,Credit,Corporate,AVT Staff,AVT Staff,,,,0.40,12.00,0.00,,IT ADMIN DISC,IT ADMIN,anshul agarwal,Alok,01/06/2020 15:51:02,L1-SANITY-T3,,,dsd
44,RAJH.17151381,40101,Mr. RAJ  SHRAM,Cash,Corporate,AVT Staff,AVT Staff,,,,15.00,157759.20,58787.00,,ravi 1,DISCOUNT,new,indranil,01/06/2020 15:39:14,L1-SANITY-T3,,,
45,RAJH.17149732,39038,Baby BABY OF WEEW  WERWE,Cash,,,,,,,0.00,123.00,0.00,,ravi 1,DISCOUNT,SUKANYA,Alok,01/06/2020 15:32:18,L1-SANITY-T3,,,
46,RAJH.16061111,41080,Mr. FNAME62120  LNAME62120,Cash,,,,RHIC41471,,4000.00,0.30,12.00,0.00,,Nrendra mohan hospita discount,Staff,anshul,Alok,01/06/2020 15:30:07,L1-SANITY-T3,,,
